casenum,statenum,vehnum,persontotal,agemin,agemax,numfatal,day,month,year,date,modelyear,make,makename,cellphoneuse
211,1,1,2,82,82,1,9,2,2016,16-Feb,2015,12,Ford,0
227,1,1,1,18,18,0,2,1,2016,16-Jan,2011,12,Ford,0
239,1,1,3,25,42,2,3,5,2016,16-May,2009,12,Ford,0
264,1,1,1,68,68,0,12,5,2016,16-May,2010,12,Ford,0
271,1,1,1,44,44,1,18,5,2016,16-May,2011,12,Ford,0
339,1,1,2,24,25,2,9,6,2016,16-Jun,2009,12,Ford,0
396,1,2,1,50,50,0,21,4,2016,16-Apr,2012,12,Ford,0
397,1,2,4,8,58,1,9,4,2016,16-Apr,2011,12,Ford,0
417,1,1,1,72,72,0,15,7,2016,16-Jul,2014,12,Ford,0
417,1,4,4,22,48,0,15,7,2016,16-Jul,2012,12,Ford,0
462,1,1,4,6,40,1,3,8,2016,16-Aug,2014,12,Ford,0
485,1,1,1,52,52,0,9,8,2016,16-Aug,2015,12,Ford,0
489,1,1,3,25,33,2,13,8,2016,16-Aug,2013,12,Ford,0
535,1,1,2,28,28,1,31,8,2016,16-Aug,2014,12,Ford,0
540,1,2,3,1,37,0,1,9,2016,16-Sep,2008,12,Ford,0
593,1,1,2,18,42,0,29,9,2016,16-Sep,2012,12,Ford,0
739,1,2,2,14,36,0,31,10,2016,16-Oct,2011,12,Ford,0
762,1,4,1,41,41,0,10,11,2016,16-Nov,2009,12,Ford,0
762,1,5,1,43,43,0,10,11,2016,16-Nov,2012,12,Ford,0
807,1,2,1,36,36,0,28,11,2016,16-Nov,2016,12,Ford,0
830,1,1,1,77,77,0,24,6,2016,16-Jun,2008,12,Ford,0
833,1,2,4,11,37,2,6,6,2016,16-Jun,2016,12,Ford,0
873,1,2,2,52,53,0,22,12,2016,16-Dec,2010,12,Ford,0
898,1,2,9,1,78,4,16,7,2016,16-Jul,2014,12,Ford,0
913,1,2,4,2,26,1,6,8,2016,16-Aug,2017,12,Ford,0
918,1,3,2,20,27,0,27,12,2016,16-Dec,2016,12,Ford,0
925,1,1,4,10,33,1,7,8,2016,16-Aug,2012,12,Ford,0
55,2,2,3,78,91,1,25,9,2016,16-Sep,2015,12,Ford,0
77,2,1,2,8,33,1,23,12,2016,16-Dec,2009,12,Ford,0
32,4,1,5,1,75,1,15,1,2016,16-Jan,2012,12,Ford,0
40,4,1,1,33,33,0,5,2,2016,16-Feb,2014,12,Ford,0
65,4,1,1,33,33,1,3,1,2016,16-Jan,2015,12,Ford,0
102,4,1,3,18,22,0,4,3,2016,16-Mar,2011,12,Ford,0
109,4,2,3,9,58,0,12,3,2016,16-Mar,2012,12,Ford,0
178,4,2,1,53,53,1,9,4,2016,16-Apr,2012,12,Ford,0
363,4,3,1,53,53,0,12,6,2016,16-Jun,2014,12,Ford,0
364,4,2,2,58,59,1,13,6,2016,16-Jun,2016,12,Ford,0
385,4,8,1,28,28,0,30,6,2016,16-Jun,2013,12,Ford,0
396,4,2,4,5,39,0,19,6,2016,16-Jun,2009,12,Ford,0
396,4,5,1,45,45,0,19,6,2016,16-Jun,2013,12,Ford,0
403,4,1,3,19,33,1,10,6,2016,16-Jun,2008,12,Ford,0
493,4,2,2,66,80,0,6,8,2016,16-Aug,2008,12,Ford,0
516,4,2,1,63,63,0,29,8,2016,16-Aug,2014,12,Ford,0
530,4,4,1,32,32,0,7,8,2016,16-Aug,2016,12,Ford,0
532,4,1,2,59,61,1,23,8,2016,16-Aug,2008,12,Ford,0
561,4,1,1,66,66,0,12,9,2016,16-Sep,2013,12,Ford,1
563,4,1,1,28,28,0,16,9,2016,16-Sep,2008,12,Ford,0
589,4,2,2,81,83,1,26,9,2016,16-Sep,2010,12,Ford,0
599,4,1,1,26,26,1,3,8,2016,16-Aug,2010,12,Ford,0
602,4,2,2,52,57,0,31,8,2016,16-Aug,2008,12,Ford,0
624,4,2,1,24,24,0,9,9,2016,16-Sep,2014,12,Ford,0
634,4,2,2,58,58,0,18,9,2016,16-Sep,2016,12,Ford,0
660,4,2,1,31,31,0,4,10,2016,16-Oct,2014,12,Ford,0
681,4,1,1,58,58,1,26,10,2016,16-Oct,2014,12,Ford,0
683,4,3,3,14,69,0,2,10,2016,16-Oct,2008,12,Ford,0
692,4,2,2,56,61,0,16,8,2016,16-Aug,2014,12,Ford,0
791,4,2,6,13,57,0,11,11,2016,16-Nov,2008,12,Ford,0
808,4,2,1,43,43,0,8,12,2016,16-Dec,2014,12,Ford,0
817,4,2,2,21,24,0,13,12,2016,16-Dec,2013,12,Ford,0
834,4,2,3,9,45,0,23,12,2016,16-Dec,2009,12,Ford,0
13,5,2,1,23,23,0,14,1,2016,16-Jan,2014,12,Ford,0
93,5,1,4,9,95,1,24,3,2016,16-Mar,2014,12,Ford,0
116,5,3,1,50,50,1,10,4,2016,16-Apr,2012,12,Ford,0
156,5,1,1,37,37,0,13,5,2016,16-May,2012,12,Ford,0
241,5,1,1,18,18,0,2,7,2016,16-Jul,2012,12,Ford,0
272,5,1,1,24,24,1,8,8,2016,16-Aug,2012,12,Ford,0
313,5,3,6,0,53,1,14,9,2016,16-Sep,2014,12,Ford,0
350,5,1,1,52,52,1,20,10,2016,16-Oct,2013,12,Ford,0
406,5,3,1,25,25,0,13,12,2016,16-Dec,2012,12,Ford,0
416,5,2,2,15,16,0,22,12,2016,16-Dec,2013,12,Ford,0
419,5,1,2,59,67,1,21,12,2016,16-Dec,2013,12,Ford,0
422,5,1,1,74,74,1,12,12,2016,16-Dec,2009,12,Ford,0
422,5,2,1,63,63,0,12,12,2016,16-Dec,2016,12,Ford,0
460,5,1,1,25,25,0,25,10,2016,16-Oct,2014,12,Ford,0
462,5,1,1,84,84,1,2,10,2016,16-Oct,2008,12,Ford,0
462,5,2,1,40,40,0,2,10,2016,16-Oct,2011,12,Ford,0
472,5,1,3,18,31,3,22,11,2016,16-Nov,2013,12,Ford,0
501,5,3,1,53,53,1,5,12,2016,16-Dec,2015,12,Ford,0
26,6,1,4,21,24,1,16,1,2016,16-Jan,2011,12,Ford,0
32,6,1,1,28,28,1,15,1,2016,16-Jan,2015,12,Ford,0
51,6,4,4,20,32,0,19,1,2016,16-Jan,2013,12,Ford,0
120,6,2,2,11,17,0,6,2,2016,16-Feb,2012,12,Ford,0
126,6,3,3,25,28,0,5,2,2016,16-Feb,2014,12,Ford,0
127,6,2,1,81,81,1,5,2,2016,16-Feb,2010,12,Ford,0
138,6,2,1,19,19,0,8,2,2016,16-Feb,2013,12,Ford,0
154,6,1,2,20,20,1,29,2,2016,16-Feb,2008,12,Ford,0
171,6,1,3,51,54,0,19,1,2016,16-Jan,2014,12,Ford,0
180,6,1,4,68,84,1,28,1,2016,16-Jan,2011,12,Ford,0
199,6,4,1,50,50,0,2,3,2016,16-Mar,2012,12,Ford,0
310,6,2,2,28,51,0,11,3,2016,16-Mar,2013,12,Ford,0
394,6,5,1,24,24,0,25,3,2016,16-Mar,2015,12,Ford,0
414,6,1,1,25,25,0,26,3,2016,16-Mar,2013,12,Ford,0
420,6,2,2,28,30,0,24,2,2016,16-Feb,2014,12,Ford,0
468,6,3,2,29,65,0,26,2,2016,16-Feb,2015,12,Ford,0
478,6,1,2,21,29,1,6,3,2016,16-Mar,2014,12,Ford,0
496,6,2,5,10,36,0,11,3,2016,16-Mar,2008,12,Ford,0
532,6,2,2,23,26,1,28,3,2016,16-Mar,2008,12,Ford,0
589,6,3,1,28,28,0,25,3,2016,16-Mar,2014,12,Ford,0
615,6,1,2,19,19,0,30,4,2016,16-Apr,2015,12,Ford,0
622,6,2,3,0,34,0,10,5,2016,16-May,2015,12,Ford,0
640,6,2,2,71,77,1,25,5,2016,16-May,2016,12,Ford,0
649,6,1,1,49,49,0,24,2,2016,16-Feb,2008,12,Ford,0
932,6,2,2,17,58,1,16,5,2016,16-May,2011,12,Ford,0
932,6,3,5,3,55,0,16,5,2016,16-May,2013,12,Ford,0
966,6,1,4,32,75,1,27,6,2016,16-Jun,2015,12,Ford,0
989,6,2,4,19,24,0,2,7,2016,16-Jul,2013,12,Ford,0
1106,6,1,2,19,20,0,13,5,2016,16-May,2016,12,Ford,0
1167,6,2,4,4,44,0,3,8,2016,16-Aug,2008,12,Ford,0
1185,6,1,2,71,71,2,16,7,2016,16-Jul,2008,12,Ford,0
1195,6,1,1,92,92,1,21,7,2016,16-Jul,2016,12,Ford,0
1195,6,5,1,58,58,0,21,7,2016,16-Jul,2008,12,Ford,0
1196,6,1,2,33,56,0,9,6,2016,16-Jun,2012,12,Ford,0
1197,6,3,4,19,32,0,20,2,2016,16-Feb,2014,12,Ford,0
1244,6,3,3,35,49,0,9,7,2016,16-Jul,2008,12,Ford,0
1283,6,2,1,64,64,0,6,2,2016,16-Feb,2013,12,Ford,0
1303,6,2,2,20,24,0,10,6,2016,16-Jun,2010,12,Ford,0
1318,6,1,2,44,47,0,14,4,2016,16-Apr,2008,12,Ford,0
1318,6,3,2,36,37,0,14,4,2016,16-Apr,2013,12,Ford,0
1339,6,3,4,1,33,0,8,7,2016,16-Jul,2016,12,Ford,0
1415,6,1,3,25,28,1,5,9,2016,16-Sep,2012,12,Ford,0
1434,6,1,3,4,30,1,6,3,2016,16-Mar,2010,12,Ford,0
1435,6,1,7,6,34,0,24,2,2016,16-Feb,2009,12,Ford,0
1461,6,3,3,14,45,0,24,7,2016,16-Jul,2011,12,Ford,0
1466,6,2,1,37,37,1,11,4,2016,16-Apr,2013,12,Ford,0
1474,6,1,3,4,32,2,23,8,2016,16-Aug,2009,12,Ford,0
1491,6,2,1,50,50,1,13,9,2016,16-Sep,2008,12,Ford,0
1491,6,3,1,66,66,0,13,9,2016,16-Sep,2012,12,Ford,0
1556,6,1,2,23,28,1,7,4,2016,16-Apr,2015,12,Ford,0
1557,6,1,4,2,37,3,19,6,2016,16-Jun,2016,12,Ford,0
1571,6,2,3,63,86,3,15,8,2016,16-Aug,2011,12,Ford,0
1601,6,1,2,18,18,1,22,7,2016,16-Jul,2009,12,Ford,0
1679,6,2,1,52,52,1,4,5,2016,16-May,2014,12,Ford,0
1679,6,3,2,73,76,0,4,5,2016,16-May,2016,12,Ford,0
1703,6,2,2,69,73,1,27,8,2016,16-Aug,2015,12,Ford,0
1716,6,6,2,55,58,0,22,8,2016,16-Aug,2013,12,Ford,0
1751,6,1,6,4,34,0,27,6,2016,16-Jun,2015,12,Ford,0
1842,6,2,1,52,52,0,6,10,2016,16-Oct,2013,12,Ford,0
1866,6,2,3,62,69,1,29,10,2016,16-Oct,2011,12,Ford,0
1881,6,2,2,63,66,0,16,9,2016,16-Sep,2016,12,Ford,0
1881,6,3,1,56,56,0,16,9,2016,16-Sep,2014,12,Ford,0
1913,6,3,1,56,56,0,21,11,2016,16-Nov,2015,12,Ford,0
1965,6,2,2,25,69,0,1,9,2016,16-Sep,2010,12,Ford,0
1997,6,1,1,52,52,0,13,6,2016,16-Jun,2012,12,Ford,0
2084,6,1,2,22,31,1,11,11,2016,16-Nov,2014,12,Ford,0
2107,6,2,1,57,57,0,8,5,2016,16-May,2014,12,Ford,0
2110,6,3,1,76,76,0,18,11,2016,16-Nov,2010,12,Ford,0
2194,6,2,3,34,47,0,10,12,2016,16-Dec,2016,12,Ford,0
2206,6,3,5,3,39,0,18,10,2016,16-Oct,2008,12,Ford,0
2230,6,4,1,33,33,0,14,12,2016,16-Dec,2016,12,Ford,0
2240,6,4,1,68,68,0,27,12,2016,16-Dec,2017,12,Ford,0
2282,6,1,1,24,24,1,13,12,2016,16-Dec,2015,12,Ford,0
2303,6,2,2,68,69,1,23,12,2016,16-Dec,2010,12,Ford,0
2364,6,2,2,20,44,1,23,12,2016,16-Dec,2011,12,Ford,0
2419,6,1,2,82,84,1,4,7,2016,16-Jul,2008,12,Ford,0
2487,6,1,4,8,51,0,14,9,2016,16-Sep,2015,12,Ford,0
2537,6,1,4,6,43,0,29,9,2016,16-Sep,2009,12,Ford,0
2580,6,6,4,20,67,0,13,8,2016,16-Aug,2015,12,Ford,0
2609,6,2,1,58,58,0,15,9,2016,16-Sep,2015,12,Ford,0
2616,6,1,2,30,31,1,23,9,2016,16-Sep,2016,12,Ford,0
2616,6,3,1,19,19,0,23,9,2016,16-Sep,2012,12,Ford,0
2695,6,2,1,85,85,1,28,11,2016,16-Nov,2008,12,Ford,0
2775,6,1,3,10,48,0,6,12,2016,16-Dec,2015,12,Ford,0
2796,6,1,3,20,21,3,25,6,2016,16-Jun,2015,12,Ford,0
2900,6,2,3,42,84,1,24,3,2016,16-Mar,2016,12,Ford,0
2924,6,3,1,33,33,0,22,8,2016,16-Aug,2015,12,Ford,0
2951,6,4,1,53,53,0,25,8,2016,16-Aug,2014,12,Ford,0
3045,6,1,2,23,25,0,22,10,2016,16-Oct,2010,12,Ford,0
3087,6,3,2,1,22,0,7,6,2016,16-Jun,2013,12,Ford,0
3255,6,1,2,44,61,0,29,11,2016,16-Nov,2008,12,Ford,0
3268,6,1,3,1,28,0,16,7,2016,16-Jul,2015,12,Ford,0
3305,6,1,2,24,31,0,14,11,2016,16-Nov,2010,12,Ford,0
3347,6,2,2,29,45,0,14,11,2016,16-Nov,2011,12,Ford,0
3347,6,5,1,26,26,0,14,11,2016,16-Nov,2014,12,Ford,0
3406,6,2,2,27,30,0,31,8,2016,16-Aug,2014,12,Ford,0
3407,6,7,1,30,30,0,11,10,2016,16-Oct,2012,12,Ford,0
3444,6,2,1,20,20,0,21,12,2016,16-Dec,2012,12,Ford,0
3463,6,1,2,82,83,1,8,6,2016,16-Jun,2015,12,Ford,0
3475,6,2,2,23,25,1,11,10,2016,16-Oct,2008,12,Ford,0
3568,6,2,2,62,68,1,3,9,2016,16-Sep,2016,12,Ford,0
3574,6,1,2,36,88,0,1,12,2016,16-Dec,2011,12,Ford,0
3586,6,1,1,48,48,0,26,12,2016,16-Dec,2014,12,Ford,0
37,8,2,1,30,30,0,18,2,2016,16-Feb,2014,12,Ford,0
63,8,1,1,57,57,1,8,3,2016,16-Mar,2012,12,Ford,0
166,8,2,2,48,49,1,25,5,2016,16-May,2016,12,Ford,0
166,8,3,1,56,56,0,25,5,2016,16-May,2013,12,Ford,0
182,8,3,1,22,22,0,6,6,2016,16-Jun,2012,12,Ford,0
210,8,2,3,4,29,0,21,6,2016,16-Jun,2009,12,Ford,0
270,8,1,1,23,23,0,21,7,2016,16-Jul,2014,12,Ford,0
328,8,3,3,39,43,0,19,8,2016,16-Aug,2016,12,Ford,0
352,8,2,2,56,62,0,27,8,2016,16-Aug,2016,12,Ford,0
352,8,6,2,52,54,0,27,8,2016,16-Aug,2012,12,Ford,0
406,8,1,2,78,79,1,25,9,2016,16-Sep,2011,12,Ford,0
462,8,5,2,59,64,0,25,10,2016,16-Oct,2014,12,Ford,0
476,8,2,1,53,53,0,31,10,2016,16-Oct,2014,12,Ford,0
532,8,1,2,14,62,1,5,12,2016,16-Dec,2011,12,Ford,0
533,8,1,2,24,37,0,4,12,2016,16-Dec,2008,12,Ford,0
558,8,3,1,63,63,0,26,12,2016,16-Dec,2012,12,Ford,0
97,9,1,12,9,50,0,3,7,2016,16-Jul,2015,12,Ford,0
135,9,1,4,10,75,1,7,8,2016,16-Aug,2016,12,Ford,0
148,9,1,2,74,74,1,23,6,2016,16-Jun,2012,12,Ford,0
151,9,2,1,52,52,0,9,6,2016,16-Jun,2013,12,Ford,0
175,9,2,1,20,20,0,4,10,2016,16-Oct,2008,12,Ford,0
187,9,1,2,28,91,1,21,9,2016,16-Sep,2008,12,Ford,0
204,9,3,3,29,54,0,21,10,2016,16-Oct,2008,12,Ford,0
212,9,2,1,41,41,0,7,7,2016,16-Jul,2013,12,Ford,0
2,10,1,2,21,41,1,5,1,2016,16-Jan,2008,12,Ford,0
20,10,1,4,3,78,1,16,3,2016,16-Mar,2010,12,Ford,0
59,10,1,2,32,44,0,30,7,2016,16-Jul,2014,12,Ford,0
64,10,2,1,37,37,0,18,6,2016,16-Jun,2008,12,Ford,0
50,12,1,2,27,29,1,23,1,2016,16-Jan,2010,12,Ford,0
68,12,1,3,24,44,2,17,1,2016,16-Jan,2012,12,Ford,0
71,12,2,2,50,53,0,10,1,2016,16-Jan,2016,12,Ford,0
130,12,1,4,1,23,0,29,1,2016,16-Jan,2016,12,Ford,0
130,12,3,1,38,38,0,29,1,2016,16-Jan,2011,12,Ford,0
147,12,1,4,40,65,1,27,1,2016,16-Jan,2008,12,Ford,0
148,12,1,2,40,48,0,3,3,2016,16-Mar,2011,12,Ford,0
150,12,1,2,76,85,2,26,1,2016,16-Jan,2012,12,Ford,0
152,12,1,2,53,64,0,1,3,2016,16-Mar,2013,12,Ford,0
156,12,1,1,50,50,0,29,1,2016,16-Jan,2014,12,Ford,0
186,12,2,1,23,23,1,28,2,2016,16-Feb,2013,12,Ford,0
193,12,3,1,45,45,0,22,2,2016,16-Feb,2016,12,Ford,0
193,12,4,1,56,56,0,22,2,2016,16-Feb,2015,12,Ford,0
212,12,2,1,44,44,0,8,3,2016,16-Mar,2014,12,Ford,0
216,12,2,1,31,31,0,5,3,2016,16-Mar,2013,12,Ford,0
216,12,3,3,12,35,0,5,3,2016,16-Mar,2015,12,Ford,0
300,12,1,2,23,61,0,18,3,2016,16-Mar,2010,12,Ford,0
300,12,5,1,47,47,0,18,3,2016,16-Mar,2014,12,Ford,0
365,12,1,2,23,32,0,14,3,2016,16-Mar,2015,12,Ford,0
487,12,1,1,44,44,0,17,2,2016,16-Feb,2013,12,Ford,0
494,12,1,2,13,59,0,12,2,2016,16-Feb,2010,12,Ford,0
506,12,2,1,71,71,0,15,1,2016,16-Jan,2008,12,Ford,0
531,12,1,2,5,43,0,26,3,2016,16-Mar,2016,12,Ford,0
541,12,1,2,31,39,0,6,2,2016,16-Feb,2015,12,Ford,0
672,12,2,2,66,67,2,11,3,2016,16-Mar,2010,12,Ford,0
685,12,2,1,29,29,0,30,3,2016,16-Mar,2008,12,Ford,0
731,12,2,1,54,54,0,16,4,2016,16-Apr,2013,12,Ford,0
756,12,2,4,69,73,0,17,4,2016,16-Apr,2016,12,Ford,0
812,12,2,1,20,20,0,2,4,2016,16-Apr,2013,12,Ford,0
815,12,2,2,59,66,1,8,4,2016,16-Apr,2010,12,Ford,0
815,12,6,1,51,51,0,8,4,2016,16-Apr,2014,12,Ford,0
881,12,1,2,72,73,0,5,5,2016,16-May,2013,12,Ford,0
902,12,1,1,24,24,0,1,4,2016,16-Apr,2012,12,Ford,0
912,12,1,1,44,44,1,6,5,2016,16-May,2016,12,Ford,0
966,12,1,1,66,66,0,30,4,2016,16-Apr,2010,12,Ford,0
991,12,2,4,15,18,0,15,1,2016,16-Jan,2008,12,Ford,0
1008,12,2,1,45,45,0,12,5,2016,16-May,2016,12,Ford,0
1018,12,1,2,80,85,1,12,5,2016,16-May,2014,12,Ford,0
1018,12,2,1,54,54,0,12,5,2016,16-May,2015,12,Ford,0
1060,12,2,4,21,38,0,16,5,2016,16-May,2008,12,Ford,0
1066,12,5,1,44,44,0,22,3,2016,16-Mar,2016,12,Ford,0
1127,12,1,1,23,23,0,2,6,2016,16-Jun,2014,12,Ford,0
1151,12,3,1,63,63,1,16,5,2016,16-May,2016,12,Ford,0
1170,12,2,2,67,67,1,7,6,2016,16-Jun,2011,12,Ford,0
1185,12,2,2,20,40,0,3,6,2016,16-Jun,2016,12,Ford,0
1251,12,2,2,33,46,0,9,6,2016,16-Jun,2011,12,Ford,0
1329,12,2,1,72,72,0,20,6,2016,16-Jun,2008,12,Ford,0
1335,12,3,1,50,50,0,27,6,2016,16-Jun,2015,12,Ford,0
1337,12,2,2,22,24,0,21,6,2016,16-Jun,2008,12,Ford,0
1337,12,6,1,51,51,0,21,6,2016,16-Jun,2015,12,Ford,0
1337,12,7,1,55,55,0,21,6,2016,16-Jun,2011,12,Ford,0
1342,12,1,2,66,66,0,23,6,2016,16-Jun,2012,12,Ford,0
1391,12,4,1,42,42,0,27,6,2016,16-Jun,2012,12,Ford,0
1399,12,3,3,58,64,0,2,7,2016,16-Jul,2013,12,Ford,0
1419,12,2,4,1,45,0,9,7,2016,16-Jul,2011,12,Ford,0
1448,12,2,3,14,43,0,2,7,2016,16-Jul,2011,12,Ford,0
1477,12,1,2,68,69,1,30,6,2016,16-Jun,2015,12,Ford,0
1485,12,2,1,73,73,1,9,4,2016,16-Apr,2008,12,Ford,0
1492,12,1,1,36,36,0,14,6,2016,16-Jun,2015,12,Ford,0
1589,12,1,3,11,47,0,1,8,2016,16-Aug,2010,12,Ford,0
1722,12,1,2,27,28,0,27,7,2016,16-Jul,2014,12,Ford,0
1736,12,1,2,32,35,1,11,8,2016,16-Aug,2014,12,Ford,0
1746,12,2,2,27,69,1,18,8,2016,16-Aug,2012,12,Ford,0
1780,12,1,3,19,24,1,13,8,2016,16-Aug,2008,12,Ford,0
1789,12,1,2,72,74,1,18,8,2016,16-Aug,2014,12,Ford,0
1885,12,1,2,45,50,1,3,9,2016,16-Sep,2008,12,Ford,0
1917,12,3,1,52,52,0,9,9,2016,16-Sep,2013,12,Ford,0
1930,12,4,4,20,25,0,20,8,2016,16-Aug,2016,12,Ford,0
1960,12,1,2,66,67,0,7,7,2016,16-Jul,2014,12,Ford,0
1961,12,2,3,32,35,0,5,8,2016,16-Aug,2016,12,Ford,0
2008,12,2,1,29,29,0,12,8,2016,16-Aug,2014,12,Ford,0
2029,12,1,4,15,18,1,19,9,2016,16-Sep,2011,12,Ford,0
2031,12,3,2,20,20,0,28,8,2016,16-Aug,2009,12,Ford,0
2064,12,1,2,43,50,0,24,9,2016,16-Sep,2012,12,Ford,0
2076,12,1,3,11,43,0,25,9,2016,16-Sep,2016,12,Ford,0
2102,12,1,2,54,59,1,1,7,2016,16-Jul,2014,12,Ford,0
2134,12,1,2,67,70,1,6,9,2016,16-Sep,2016,12,Ford,0
2139,12,1,2,17,21,1,3,10,2016,16-Oct,2012,12,Ford,0
2206,12,2,1,20,20,0,25,6,2016,16-Jun,2008,12,Ford,0
2279,12,1,1,20,20,0,23,10,2016,16-Oct,2014,12,Ford,0
2294,12,2,2,25,27,0,22,10,2016,16-Oct,2015,12,Ford,0
2309,12,2,2,45,47,0,29,10,2016,16-Oct,2012,12,Ford,0
2328,12,1,3,19,20,1,30,10,2016,16-Oct,2013,12,Ford,0
2335,12,3,1,45,45,0,22,10,2016,16-Oct,2012,12,Ford,0
2357,12,1,1,24,24,1,23,10,2016,16-Oct,2008,12,Ford,0
2370,12,1,4,63,70,1,5,11,2016,16-Nov,2013,12,Ford,0
2380,12,1,1,22,22,1,8,11,2016,16-Nov,2012,12,Ford,0
2555,12,2,2,26,27,0,26,11,2016,16-Nov,2011,12,Ford,0
2583,12,3,1,29,29,0,5,12,2016,16-Dec,2012,12,Ford,0
2600,12,1,3,8,35,1,6,12,2016,16-Dec,2013,12,Ford,0
2632,12,2,1,62,62,0,9,12,2016,16-Dec,2011,12,Ford,0
2642,12,1,2,8,38,0,10,12,2016,16-Dec,2014,12,Ford,0
2644,12,2,1,55,55,0,7,12,2016,16-Dec,2014,12,Ford,0
2644,12,5,1,44,44,0,7,12,2016,16-Dec,2008,12,Ford,0
2688,12,1,2,15,54,0,19,12,2016,16-Dec,2013,12,Ford,0
2692,12,2,10,51,70,0,12,12,2016,16-Dec,2012,12,Ford,0
2697,12,1,4,72,80,0,17,12,2016,16-Dec,2013,12,Ford,0
2716,12,1,2,24,24,1,13,11,2016,16-Nov,2013,12,Ford,0
2741,12,2,1,40,40,0,19,12,2016,16-Dec,2015,12,Ford,0
2753,12,1,2,67,73,1,22,12,2016,16-Dec,2014,12,Ford,0
2776,12,1,1,30,30,0,26,12,2016,16-Dec,2013,12,Ford,0
2782,12,3,2,53,55,0,26,12,2016,16-Dec,2013,12,Ford,0
2834,12,3,6,15,44,1,30,12,2016,16-Dec,2016,12,Ford,0
2897,12,1,3,59,91,1,20,10,2016,16-Oct,2017,12,Ford,0
2915,12,2,2,11,43,0,3,10,2016,16-Oct,2013,12,Ford,0
2927,12,1,2,17,77,0,28,10,2016,16-Oct,2009,12,Ford,0
2935,12,1,2,16,16,1,19,10,2016,16-Oct,2010,12,Ford,0
2955,12,1,1,77,77,0,26,11,2016,16-Nov,2014,12,Ford,0
3062,12,1,1,66,66,1,4,11,2016,16-Nov,2014,12,Ford,0
3103,12,2,1,43,43,0,2,12,2016,16-Dec,2016,12,Ford,0
3103,12,3,1,43,43,0,2,12,2016,16-Dec,2016,12,Ford,0
3109,12,3,1,42,42,0,5,12,2016,16-Dec,2008,12,Ford,0
87,13,2,2,57,62,0,29,1,2016,16-Jan,2010,12,Ford,0
220,13,3,1,51,51,0,5,3,2016,16-Mar,2008,12,Ford,0
232,13,3,1,33,33,0,7,3,2016,16-Mar,2011,12,Ford,0
236,13,1,1,20,20,0,9,3,2016,16-Mar,2016,12,Ford,0
265,13,2,2,74,75,0,19,2,2016,16-Feb,2010,12,Ford,0
284,13,1,2,58,61,0,21,3,2016,16-Mar,2015,12,Ford,0
312,13,2,1,65,65,1,29,3,2016,16-Mar,2012,12,Ford,0
315,13,3,2,7,37,0,30,3,2016,16-Mar,2014,12,Ford,0
410,13,2,2,59,65,0,26,4,2016,16-Apr,2008,12,Ford,0
483,13,2,1,48,48,0,13,5,2016,16-May,2011,12,Ford,0
516,13,2,2,10,37,0,21,5,2016,16-May,2014,12,Ford,0
550,13,1,1,29,29,1,17,3,2016,16-Mar,2012,12,Ford,0
586,13,2,4,29,30,0,10,6,2016,16-Jun,2012,12,Ford,0
623,13,1,1,32,32,0,18,6,2016,16-Jun,2010,12,Ford,0
695,13,2,2,61,74,1,8,7,2016,16-Jul,2010,12,Ford,0
711,13,1,3,15,70,1,14,7,2016,16-Jul,2008,12,Ford,0
727,13,1,1,34,34,0,27,4,2016,16-Apr,2014,12,Ford,0
733,13,2,5,6,48,0,17,7,2016,16-Jul,2008,12,Ford,0
744,13,1,2,3,30,1,19,7,2016,16-Jul,2008,12,Ford,0
751,13,1,2,10,49,0,21,7,2016,16-Jul,2013,12,Ford,0
805,13,1,4,16,18,1,7,8,2016,16-Aug,2013,12,Ford,0
863,13,2,2,27,30,0,21,8,2016,16-Aug,2012,12,Ford,0
869,13,2,2,54,61,1,22,8,2016,16-Aug,2009,12,Ford,0
941,13,1,2,66,68,0,6,9,2016,16-Sep,2012,12,Ford,0
946,13,1,2,23,26,2,8,9,2016,16-Sep,2008,12,Ford,0
991,13,2,3,17,19,0,16,9,2016,16-Sep,2010,12,Ford,0
1036,13,2,2,12,47,0,25,9,2016,16-Sep,2011,12,Ford,0
1063,13,1,2,20,22,0,2,10,2016,16-Oct,2014,12,Ford,0
1099,13,1,1,37,37,0,13,10,2016,16-Oct,2010,12,Ford,0
1117,13,2,2,78,83,1,16,10,2016,16-Oct,2011,12,Ford,0
1128,13,1,3,4,27,0,17,10,2016,16-Oct,2015,12,Ford,0
1171,13,1,2,37,41,0,27,10,2016,16-Oct,2012,12,Ford,0
1296,13,2,3,2,31,0,24,11,2016,16-Nov,2016,12,Ford,0
1307,13,1,2,21,52,2,28,11,2016,16-Nov,2008,12,Ford,0
1334,13,1,2,25,27,1,3,12,2016,16-Dec,2013,12,Ford,0
1334,13,2,1,48,48,0,3,12,2016,16-Dec,2014,12,Ford,0
1373,13,2,1,32,32,0,14,12,2016,16-Dec,2012,12,Ford,0
9,16,3,1,24,24,0,27,1,2016,16-Jan,2012,12,Ford,0
74,16,1,2,51,51,1,30,5,2016,16-May,2010,12,Ford,0
75,16,1,6,1,31,1,2,6,2016,16-Jun,2009,12,Ford,0
129,16,1,2,31,33,0,2,9,2016,16-Sep,2011,12,Ford,0
54,17,1,2,22,24,0,8,2,2016,16-Feb,2016,12,Ford,0
136,17,2,3,21,44,0,4,3,2016,16-Mar,2015,12,Ford,0
315,17,3,2,51,63,0,21,5,2016,16-May,2013,12,Ford,0
414,17,2,2,22,23,0,26,5,2016,16-May,2012,12,Ford,0
438,17,1,1,66,66,0,18,6,2016,16-Jun,2008,12,Ford,0
440,17,3,2,18,40,0,23,6,2016,16-Jun,2014,12,Ford,0
510,17,3,1,59,59,0,19,7,2016,16-Jul,2016,12,Ford,0
552,17,1,1,16,16,0,29,7,2016,16-Jul,2008,12,Ford,0
552,17,3,1,58,58,0,29,7,2016,16-Jul,2013,12,Ford,0
553,17,3,4,1,48,0,31,7,2016,16-Jul,2016,12,Ford,0
620,17,1,1,22,22,1,27,8,2016,16-Aug,2010,12,Ford,1
652,17,2,3,36,52,0,14,8,2016,16-Aug,2013,12,Ford,0
731,17,2,1,48,48,1,26,8,2016,16-Aug,2009,12,Ford,0
740,17,2,5,21,71,1,2,9,2016,16-Sep,2013,12,Ford,0
796,17,2,3,21,54,0,29,9,2016,16-Sep,2014,12,Ford,0
798,17,2,1,25,25,0,23,9,2016,16-Sep,2013,12,Ford,0
884,17,2,4,9,36,0,5,11,2016,16-Nov,2014,12,Ford,0
890,17,3,1,67,67,1,8,11,2016,16-Nov,2015,12,Ford,0
906,17,2,2,2,43,1,10,11,2016,16-Nov,2008,12,Ford,0
917,17,2,1,48,48,0,15,11,2016,16-Nov,2016,12,Ford,0
936,17,1,2,20,21,1,22,10,2016,16-Oct,2009,12,Ford,0
955,17,3,1,28,28,0,12,9,2016,16-Sep,2014,12,Ford,0
22,18,2,1,20,20,0,18,1,2016,16-Jan,2011,12,Ford,0
26,18,1,1,82,82,1,16,1,2016,16-Jan,2012,12,Ford,0
37,18,1,1,36,36,1,21,1,2016,16-Jan,2014,12,Ford,0
72,18,1,2,36,36,1,13,2,2016,16-Feb,2014,12,Ford,0
75,18,2,2,21,22,2,12,2,2016,16-Feb,2014,12,Ford,0
78,18,1,5,18,21,1,20,2,2016,16-Feb,2008,12,Ford,0
146,18,1,2,21,22,0,27,3,2016,16-Mar,2011,12,Ford,0
225,18,1,4,16,18,1,30,4,2016,16-Apr,2009,12,Ford,0
284,18,2,1,49,49,0,27,5,2016,16-May,2012,12,Ford,0
312,18,1,2,67,71,2,14,6,2016,16-Jun,2010,12,Ford,0
379,18,3,1,30,30,0,5,7,2016,16-Jul,2011,12,Ford,0
379,18,4,1,38,38,0,5,7,2016,16-Jul,2012,12,Ford,0
423,18,2,2,48,48,0,26,7,2016,16-Jul,2014,12,Ford,0
474,18,1,1,19,19,0,14,8,2016,16-Aug,2010,12,Ford,0
564,18,1,1,44,44,0,4,10,2016,16-Oct,2014,12,Ford,0
586,18,1,1,90,90,1,12,10,2016,16-Oct,2015,12,Ford,0
622,18,2,6,22,61,1,7,10,2016,16-Oct,2009,12,Ford,0
643,18,1,2,35,42,0,5,11,2016,16-Nov,2011,12,Ford,0
645,18,2,2,17,39,1,21,10,2016,16-Oct,2012,12,Ford,0
679,18,2,2,71,75,0,18,11,2016,16-Nov,2015,12,Ford,0
686,18,1,1,85,85,1,21,11,2016,16-Nov,2014,12,Ford,0
778,18,1,1,20,20,0,28,12,2016,16-Dec,2014,12,Ford,0
778,18,2,4,2,55,1,28,12,2016,16-Dec,2009,12,Ford,0
789,18,2,2,47,70,0,14,12,2016,16-Dec,2016,12,Ford,0
793,18,1,2,18,39,1,23,12,2016,16-Dec,2011,12,Ford,0
9,19,1,3,18,27,1,19,1,2016,16-Jan,2015,12,Ford,0
63,19,2,3,30,34,3,26,3,2016,16-Mar,2016,12,Ford,0
67,19,2,2,55,78,1,19,4,2016,16-Apr,2011,12,Ford,0
71,19,2,2,87,92,1,22,4,2016,16-Apr,2009,12,Ford,0
84,19,2,2,19,22,0,30,4,2016,16-Apr,2011,12,Ford,0
120,19,1,3,19,20,1,1,5,2016,16-May,2009,12,Ford,0
247,19,2,1,17,17,0,2,10,2016,16-Oct,2008,12,Ford,0
310,19,2,1,63,63,1,10,11,2016,16-Nov,2012,12,Ford,0
319,19,1,1,80,80,1,20,11,2016,16-Nov,2009,12,Ford,0
326,19,2,2,29,32,0,26,11,2016,16-Nov,2015,12,Ford,0
334,19,1,1,43,43,1,7,12,2016,16-Dec,2011,12,Ford,0
336,19,3,1,27,27,0,10,12,2016,16-Dec,2008,12,Ford,0
336,19,4,1,30,30,0,10,12,2016,16-Dec,2013,12,Ford,0
348,19,1,3,3,36,2,21,12,2016,16-Dec,2016,12,Ford,0
41,20,1,3,18,19,1,19,2,2016,16-Feb,2012,12,Ford,0
50,20,3,2,25,31,0,4,3,2016,16-Mar,2014,12,Ford,0
151,20,3,2,29,31,0,21,6,2016,16-Jun,2013,12,Ford,0
189,20,1,2,30,47,1,22,7,2016,16-Jul,2010,12,Ford,0
356,20,2,2,60,63,0,10,12,2016,16-Dec,2013,12,Ford,0
379,20,2,1,44,44,1,11,9,2016,16-Sep,2010,12,Ford,0
55,21,1,4,19,20,1,4,2,2016,16-Feb,2015,12,Ford,0
81,21,2,2,17,18,1,25,2,2016,16-Feb,2009,12,Ford,0
118,21,2,2,19,48,0,27,1,2016,16-Jan,2015,12,Ford,0
119,21,4,1,28,28,0,15,3,2016,16-Mar,2015,12,Ford,0
119,21,5,1,29,29,0,15,3,2016,16-Mar,2016,12,Ford,0
144,21,1,2,22,23,1,3,4,2016,16-Apr,2015,12,Ford,0
191,21,3,2,23,57,0,28,4,2016,16-Apr,2013,12,Ford,0
221,21,2,2,13,44,0,11,5,2016,16-May,2011,12,Ford,0
253,21,2,1,34,34,0,2,5,2016,16-May,2008,12,Ford,0
253,21,4,1,52,52,0,2,5,2016,16-May,2012,12,Ford,0
259,21,1,3,57,79,1,26,5,2016,16-May,2008,12,Ford,0
302,21,2,2,58,63,0,17,6,2016,16-Jun,2014,12,Ford,0
322,21,1,1,23,23,0,2,6,2016,16-Jun,2011,12,Ford,0
382,21,1,4,17,21,3,21,7,2016,16-Jul,2013,12,Ford,0
518,21,2,1,58,58,0,24,9,2016,16-Sep,2015,12,Ford,0
524,21,3,2,12,46,0,29,9,2016,16-Sep,2013,12,Ford,0
546,21,2,1,29,29,0,2,6,2016,16-Jun,2014,12,Ford,0
546,21,3,1,45,45,0,2,6,2016,16-Jun,2010,12,Ford,0
579,21,2,1,24,24,0,14,10,2016,16-Oct,2010,12,Ford,0
671,21,4,2,16,18,0,26,11,2016,16-Nov,2008,12,Ford,0
672,21,1,2,58,58,1,26,11,2016,16-Nov,2010,12,Ford,0
707,21,2,2,8,36,0,8,12,2016,16-Dec,2011,12,Ford,0
711,21,2,4,65,73,3,10,12,2016,16-Dec,2014,12,Ford,0
733,21,1,3,22,55,1,20,12,2016,16-Dec,2011,12,Ford,0
738,21,2,2,54,59,1,25,12,2016,16-Dec,2016,12,Ford,0
761,21,2,3,24,30,0,3,11,2016,16-Nov,2013,12,Ford,0
7,22,1,1,77,77,1,15,1,2016,16-Jan,2013,12,Ford,0
8,22,2,1,46,46,0,16,1,2016,16-Jan,2012,12,Ford,0
29,22,2,2,62,72,0,15,1,2016,16-Jan,2014,12,Ford,0
51,22,3,2,26,27,0,28,2,2016,16-Feb,2008,12,Ford,0
55,22,2,2,34,35,1,4,2,2016,16-Feb,2015,12,Ford,0
80,22,2,6,0,60,1,14,2,2016,16-Feb,2015,12,Ford,0
82,22,4,1,31,31,0,21,2,2016,16-Feb,2016,12,Ford,0
131,22,3,1,28,28,0,15,3,2016,16-Mar,2009,12,Ford,0
153,22,2,2,11,18,0,2,3,2016,16-Mar,2014,12,Ford,0
170,22,2,2,10,40,1,24,4,2016,16-Apr,2011,12,Ford,0
171,22,2,2,86,93,1,27,4,2016,16-Apr,2011,12,Ford,0
171,22,3,1,50,50,0,27,4,2016,16-Apr,2011,12,Ford,0
171,22,5,2,12,39,0,27,4,2016,16-Apr,2015,12,Ford,0
197,22,2,2,41,53,0,20,4,2016,16-Apr,2015,12,Ford,0
232,22,1,3,8,30,0,10,4,2016,16-Apr,2016,12,Ford,0
251,22,1,2,67,69,1,16,3,2016,16-Mar,2008,12,Ford,0
299,22,2,2,16,74,1,11,6,2016,16-Jun,2010,12,Ford,0
322,22,3,2,29,33,0,19,8,2016,16-Aug,2010,12,Ford,0
367,22,2,1,54,54,0,4,8,2016,16-Aug,2011,12,Ford,0
367,22,3,1,53,53,0,4,8,2016,16-Aug,2016,12,Ford,0
379,22,2,3,45,71,0,31,8,2016,16-Aug,2008,12,Ford,0
442,22,1,2,20,24,0,12,10,2016,16-Oct,2010,12,Ford,0
448,22,2,2,14,46,0,15,8,2016,16-Aug,2014,12,Ford,0
450,22,1,1,28,28,1,19,8,2016,16-Aug,2008,12,Ford,0
450,22,2,1,27,27,0,19,8,2016,16-Aug,2011,12,Ford,0
465,22,1,1,43,43,1,9,9,2016,16-Sep,2008,12,Ford,0
468,22,1,1,32,32,0,11,4,2016,16-Apr,2011,12,Ford,0
468,22,2,1,72,72,1,11,4,2016,16-Apr,2011,12,Ford,0
478,22,5,1,29,29,0,31,8,2016,16-Aug,2011,12,Ford,0
516,22,1,3,61,76,2,15,10,2016,16-Oct,2015,12,Ford,0
579,22,1,1,32,32,1,5,6,2016,16-Jun,2015,12,Ford,0
622,22,1,1,60,60,1,22,12,2016,16-Dec,2015,12,Ford,0
639,22,2,3,17,18,0,12,11,2016,16-Nov,2008,12,Ford,0
665,22,2,1,37,37,0,15,12,2016,16-Dec,2014,12,Ford,0
671,22,1,1,32,32,1,29,12,2016,16-Dec,2010,12,Ford,0
690,22,1,1,58,58,1,12,11,2016,16-Nov,2010,12,Ford,0
38,23,1,2,19,19,0,23,4,2016,16-Apr,2011,12,Ford,0
54,23,2,2,36,55,0,7,6,2016,16-Jun,2016,12,Ford,0
133,23,2,2,23,24,0,29,12,2016,16-Dec,2013,12,Ford,0
151,23,2,1,46,46,0,28,9,2016,16-Sep,2015,12,Ford,0
4,24,3,1,32,32,0,14,2,2016,16-Feb,2008,12,Ford,0
35,24,1,2,37,38,0,13,2,2016,16-Feb,2013,12,Ford,0
40,24,1,1,60,60,1,13,1,2016,16-Jan,2010,12,Ford,0
46,24,2,2,36,46,1,6,2,2016,16-Feb,2010,12,Ford,0
56,24,3,1,46,46,0,10,3,2016,16-Mar,2014,12,Ford,0
87,24,3,1,55,55,0,13,4,2016,16-Apr,2014,12,Ford,0
258,24,1,3,0,48,2,24,8,2016,16-Aug,2012,12,Ford,0
287,24,1,3,25,26,1,10,9,2016,16-Sep,2012,12,Ford,0
299,24,2,4,54,84,1,3,10,2016,16-Oct,2016,12,Ford,0
305,24,1,2,27,27,0,3,9,2016,16-Sep,2013,12,Ford,0
322,24,1,2,85,93,1,22,9,2016,16-Sep,2016,12,Ford,0
395,24,2,1,63,63,0,10,11,2016,16-Nov,2010,12,Ford,0
398,24,2,1,44,44,0,15,10,2016,16-Oct,2008,12,Ford,0
453,24,1,1,28,28,0,24,9,2016,16-Sep,2013,12,Ford,0
461,24,1,1,31,31,0,31,10,2016,16-Oct,2015,12,Ford,0
466,24,2,1,46,46,0,27,12,2016,16-Dec,2014,12,Ford,0
471,24,3,4,25,34,0,24,11,2016,16-Nov,2014,12,Ford,0
482,24,2,3,25,55,1,31,12,2016,16-Dec,2016,12,Ford,0
63,25,2,2,95,100,1,8,1,2016,16-Jan,2009,12,Ford,0
117,25,1,2,26,50,0,23,4,2016,16-Apr,2012,12,Ford,0
132,25,2,3,31,58,0,9,6,2016,16-Jun,2014,12,Ford,0
213,25,2,5,45,59,2,31,8,2016,16-Aug,2014,12,Ford,0
246,25,2,2,8,64,0,5,8,2016,16-Aug,2009,12,Ford,0
12,26,5,1,57,57,0,13,1,2016,16-Jan,2009,12,Ford,0
17,26,5,4,6,70,0,17,1,2016,16-Jan,2014,12,Ford,0
28,26,2,2,63,79,0,25,1,2016,16-Jan,2011,12,Ford,0
57,26,1,2,16,18,1,6,2,2016,16-Feb,2009,12,Ford,0
63,26,1,2,22,23,0,9,2,2016,16-Feb,2008,12,Ford,0
64,26,1,1,68,68,0,7,2,2016,16-Feb,2009,12,Ford,0
109,26,2,2,67,88,2,4,1,2016,16-Jan,2015,12,Ford,0
109,26,5,1,72,72,0,4,1,2016,16-Jan,2015,12,Ford,0
119,26,1,2,30,61,0,16,2,2016,16-Feb,2011,12,Ford,0
122,26,2,1,46,46,0,8,1,2016,16-Jan,2013,12,Ford,0
146,26,2,2,84,86,1,30,3,2016,16-Mar,2010,12,Ford,0
149,26,3,1,57,57,0,17,3,2016,16-Mar,2014,12,Ford,0
159,26,1,2,18,18,0,31,3,2016,16-Mar,2009,12,Ford,0
160,26,4,4,34,94,0,1,4,2016,16-Apr,2014,12,Ford,0
167,26,2,1,32,32,0,1,4,2016,16-Apr,2010,12,Ford,0
182,26,1,3,2,70,0,11,4,2016,16-Apr,2013,12,Ford,0
239,26,2,2,32,32,0,28,4,2016,16-Apr,2011,12,Ford,0
275,26,2,2,31,36,0,23,5,2016,16-May,2011,12,Ford,0
276,26,2,1,21,21,0,24,5,2016,16-May,2014,12,Ford,0
303,26,2,6,20,37,0,12,5,2016,16-May,2016,12,Ford,0
317,26,1,3,8,39,0,3,6,2016,16-Jun,2008,12,Ford,0
337,26,1,1,30,30,0,2,6,2016,16-Jun,2013,12,Ford,0
340,26,1,2,18,23,0,4,6,2016,16-Jun,2010,12,Ford,0
391,26,1,1,44,44,0,30,6,2016,16-Jun,2013,12,Ford,0
434,26,1,1,61,61,1,9,7,2016,16-Jul,2016,12,Ford,0
434,26,2,1,38,38,0,9,7,2016,16-Jul,2008,12,Ford,0
452,26,1,2,58,90,1,28,7,2016,16-Jul,2015,12,Ford,0
522,26,1,5,23,41,3,20,8,2016,16-Aug,2008,12,Ford,0
539,26,1,1,23,23,0,23,8,2016,16-Aug,2016,12,Ford,0
539,26,2,1,28,28,1,23,8,2016,16-Aug,2008,12,Ford,0
620,26,2,3,39,46,0,13,9,2016,16-Sep,2011,12,Ford,0
645,26,2,2,39,40,0,24,9,2016,16-Sep,2016,12,Ford,0
660,26,1,3,19,21,1,30,9,2016,16-Sep,2011,12,Ford,0
667,26,2,2,67,71,1,24,9,2016,16-Sep,2012,12,Ford,0
689,26,1,1,61,61,0,2,10,2016,16-Oct,2012,12,Ford,0
696,26,2,4,7,32,1,9,10,2016,16-Oct,2011,12,Ford,0
739,26,1,1,38,38,1,9,10,2016,16-Oct,2008,12,Ford,0
755,26,2,3,30,59,0,28,10,2016,16-Oct,2010,12,Ford,0
772,26,1,1,23,23,0,23,10,2016,16-Oct,2008,12,Ford,0
795,26,1,2,67,89,1,2,11,2016,16-Nov,2010,12,Ford,0
813,26,1,2,22,23,1,11,11,2016,16-Nov,2008,12,Ford,0
828,26,1,1,39,39,0,13,11,2016,16-Nov,2008,12,Ford,0
847,26,2,3,24,79,1,11,11,2016,16-Nov,2015,12,Ford,0
849,26,3,1,61,61,1,10,11,2016,16-Nov,2012,12,Ford,0
910,26,2,4,0,34,0,11,12,2016,16-Dec,2012,12,Ford,0
929,26,2,3,20,46,0,17,12,2016,16-Dec,2015,12,Ford,0
963,26,2,3,20,27,0,31,12,2016,16-Dec,2012,12,Ford,0
981,26,1,2,21,27,1,28,11,2016,16-Nov,2009,12,Ford,0
981,26,2,2,31,58,0,28,11,2016,16-Nov,2015,12,Ford,0
982,26,1,1,22,22,1,11,11,2016,16-Nov,2012,12,Ford,0
982,26,2,2,21,21,0,11,11,2016,16-Nov,2010,12,Ford,0
15,27,1,3,11,40,0,22,1,2016,16-Jan,2011,12,Ford,0
46,27,1,1,22,22,1,29,2,2016,16-Feb,2010,12,Ford,0
54,27,1,2,29,30,1,9,3,2016,16-Mar,2008,12,Ford,0
56,27,1,3,29,56,1,17,3,2016,16-Mar,2015,12,Ford,0
103,27,2,1,53,53,1,28,4,2016,16-Apr,2010,12,Ford,0
113,27,2,1,73,73,1,17,5,2016,16-May,2013,12,Ford,0
149,27,5,1,54,54,0,20,6,2016,16-Jun,2009,12,Ford,0
150,27,1,2,14,20,0,23,6,2016,16-Jun,2009,12,Ford,0
204,27,5,2,13,67,0,10,8,2016,16-Aug,2011,12,Ford,0
209,27,4,2,28,30,0,13,8,2016,16-Aug,2010,12,Ford,0
261,27,1,1,35,35,0,2,10,2016,16-Oct,2011,12,Ford,0
268,27,2,1,72,72,0,9,10,2016,16-Oct,2015,12,Ford,0
289,27,3,4,5,36,0,22,10,2016,16-Oct,2010,12,Ford,0
302,27,2,1,23,23,0,3,11,2016,16-Nov,2016,12,Ford,0
322,27,2,3,3,29,0,18,11,2016,16-Nov,2008,12,Ford,0
25,28,2,2,9,40,2,23,1,2016,16-Jan,2010,12,Ford,0
85,28,2,3,19,30,1,9,3,2016,16-Mar,2008,12,Ford,0
88,28,1,4,2,52,1,11,3,2016,16-Mar,2012,12,Ford,0
149,28,1,1,18,18,0,22,4,2016,16-Apr,2010,12,Ford,0
149,28,2,4,3,67,1,22,4,2016,16-Apr,2013,12,Ford,0
193,28,1,4,11,47,0,7,5,2016,16-May,2012,12,Ford,0
230,28,1,1,39,39,0,26,5,2016,16-May,2014,12,Ford,0
238,28,1,3,33,74,2,29,5,2016,16-May,2009,12,Ford,0
253,28,2,1,35,35,0,6,6,2016,16-Jun,2008,12,Ford,0
258,28,3,2,13,26,0,8,6,2016,16-Jun,2009,12,Ford,0
273,28,1,5,18,28,1,12,6,2016,16-Jun,2016,12,Ford,0
303,28,2,1,67,67,1,26,6,2016,16-Jun,2010,12,Ford,0
313,28,2,2,28,31,2,1,7,2016,16-Jul,2009,12,Ford,0
344,28,2,2,19,22,0,14,7,2016,16-Jul,2015,12,Ford,0
375,28,2,3,16,20,1,5,8,2016,16-Aug,2013,12,Ford,0
387,28,2,2,0,24,1,12,8,2016,16-Aug,2014,12,Ford,0
462,28,1,2,52,54,1,30,9,2016,16-Sep,2014,12,Ford,0
482,28,1,1,45,45,0,6,10,2016,16-Oct,2015,12,Ford,0
551,28,2,1,58,58,1,18,11,2016,16-Nov,2014,12,Ford,0
570,28,1,1,68,68,1,28,11,2016,16-Nov,2011,12,Ford,0
570,28,2,2,27,44,0,28,11,2016,16-Nov,2012,12,Ford,0
614,28,4,2,20,22,0,21,12,2016,16-Dec,2010,12,Ford,0
46,29,1,2,19,22,2,31,1,2016,16-Jan,2009,12,Ford,0
112,29,2,2,88,89,1,27,1,2016,16-Jan,2011,12,Ford,0
188,29,1,3,6,36,0,16,4,2016,16-Apr,2016,12,Ford,0
192,29,1,2,78,78,1,27,3,2016,16-Mar,2015,12,Ford,0
320,29,1,3,1,18,0,22,5,2016,16-May,2015,12,Ford,0
379,29,3,2,43,44,0,8,7,2016,16-Jul,2016,12,Ford,0
473,29,1,2,61,85,1,6,7,2016,16-Jul,2008,12,Ford,0
499,29,1,2,29,32,0,6,8,2016,16-Aug,2014,12,Ford,0
539,29,2,2,67,68,0,5,9,2016,16-Sep,2014,12,Ford,0
541,29,2,2,43,45,0,6,9,2016,16-Sep,2014,12,Ford,0
554,29,5,1,19,19,0,5,9,2016,16-Sep,2011,12,Ford,0
574,29,2,2,57,58,0,16,9,2016,16-Sep,2014,12,Ford,0
576,29,1,1,72,72,1,17,9,2016,16-Sep,2014,12,Ford,0
576,29,2,2,39,61,0,17,9,2016,16-Sep,2016,12,Ford,0
576,29,4,2,54,56,0,17,9,2016,16-Sep,2010,12,Ford,0
624,29,2,2,22,22,0,1,9,2016,16-Sep,2012,12,Ford,0
628,29,2,2,81,84,0,21,9,2016,16-Sep,2010,12,Ford,0
716,29,1,4,27,32,0,24,10,2016,16-Oct,2012,12,Ford,0
721,29,1,2,31,34,1,28,10,2016,16-Oct,2008,12,Ford,0
752,29,1,3,15,18,1,16,11,2016,16-Nov,2014,12,Ford,0
758,29,2,2,18,66,0,15,9,2016,16-Sep,2013,12,Ford,0
871,29,1,1,40,40,1,9,12,2016,16-Dec,2012,12,Ford,0
12,30,1,3,9,59,0,8,2,2016,16-Feb,2009,12,Ford,0
46,30,1,2,86,87,1,13,4,2016,16-Apr,2015,12,Ford,0
122,30,2,3,29,69,1,1,9,2016,16-Sep,2011,12,Ford,0
143,30,1,2,40,45,1,8,10,2016,16-Oct,2014,12,Ford,0
155,30,2,2,57,65,2,29,10,2016,16-Oct,2009,12,Ford,0
49,31,1,2,22,29,1,23,4,2016,16-Apr,2010,12,Ford,0
93,31,2,1,22,22,0,10,7,2016,16-Jul,2015,12,Ford,0
123,31,1,2,28,30,0,25,8,2016,16-Aug,2012,12,Ford,0
141,31,5,1,52,52,0,31,7,2016,16-Jul,2013,12,Ford,0
144,31,3,1,51,51,0,23,8,2016,16-Aug,2014,12,Ford,0
159,31,1,2,47,55,1,27,10,2016,16-Oct,2010,12,Ford,0
163,31,1,4,18,22,1,29,10,2016,16-Oct,2008,12,Ford,0
26,32,2,3,49,78,0,22,2,2016,16-Feb,2015,12,Ford,0
35,32,1,2,65,65,1,15,1,2016,16-Jan,2012,12,Ford,0
56,32,2,2,66,69,0,20,4,2016,16-Apr,2016,12,Ford,0
57,32,1,2,83,86,0,31,3,2016,16-Mar,2008,12,Ford,0
89,32,2,2,6,18,0,7,3,2016,16-Mar,2008,12,Ford,0
116,32,2,2,43,50,0,12,6,2016,16-Jun,2012,12,Ford,0
129,32,1,2,29,36,0,7,7,2016,16-Jul,2016,12,Ford,0
132,32,1,3,1,39,0,11,6,2016,16-Jun,2013,12,Ford,0
192,32,1,4,26,31,1,11,8,2016,16-Aug,2016,12,Ford,0
230,32,2,2,20,53,1,24,11,2016,16-Nov,2008,12,Ford,0
237,32,1,3,38,46,0,9,12,2016,16-Dec,2014,12,Ford,0
266,32,3,2,25,29,0,16,9,2016,16-Sep,2015,12,Ford,0
272,32,1,2,22,27,1,17,11,2016,16-Nov,2010,12,Ford,0
16,33,1,2,48,49,1,17,3,2016,16-Mar,2008,12,Ford,0
61,33,2,2,37,39,0,17,7,2016,16-Jul,2016,12,Ford,0
79,33,1,3,25,41,1,19,8,2016,16-Aug,2013,12,Ford,0
84,33,2,2,44,47,0,5,9,2016,16-Sep,2015,12,Ford,0
102,33,1,1,50,50,0,10,10,2016,16-Oct,2016,12,Ford,0
111,33,2,2,50,63,0,6,11,2016,16-Nov,2015,12,Ford,0
188,34,4,1,31,31,0,27,6,2016,16-Jun,2010,12,Ford,0
229,34,1,3,47,72,0,29,6,2016,16-Jun,2012,12,Ford,0
235,34,3,2,25,25,0,24,7,2016,16-Jul,2009,12,Ford,0
245,34,2,1,33,33,1,1,7,2016,16-Jul,2016,12,Ford,0
245,34,4,1,38,38,0,1,7,2016,16-Jul,2016,12,Ford,0
275,34,1,3,4,47,0,22,7,2016,16-Jul,2010,12,Ford,0
311,34,2,1,31,31,0,22,8,2016,16-Aug,2014,12,Ford,0
367,34,2,2,8,32,0,30,9,2016,16-Sep,2012,12,Ford,0
397,34,1,2,39,57,1,28,10,2016,16-Oct,2009,12,Ford,0
413,34,2,2,17,29,1,8,11,2016,16-Nov,2016,12,Ford,0
415,34,2,2,21,24,0,12,11,2016,16-Nov,2010,12,Ford,0
449,34,1,1,50,50,0,12,10,2016,16-Oct,2016,12,Ford,0
449,34,2,1,77,77,1,12,10,2016,16-Oct,2009,12,Ford,0
486,34,2,2,4,60,0,2,9,2016,16-Sep,2010,12,Ford,0
524,34,2,1,31,31,1,5,12,2016,16-Dec,2011,12,Ford,0
565,34,3,2,20,22,0,29,11,2016,16-Nov,2015,12,Ford,0
34,35,1,4,34,58,1,18,2,2016,16-Feb,2015,12,Ford,0
52,35,2,2,26,42,2,16,3,2016,16-Mar,2015,12,Ford,0
72,35,1,2,73,79,1,1,4,2016,16-Apr,2008,12,Ford,0
126,35,2,3,20,52,2,27,5,2016,16-May,2013,12,Ford,0
197,35,2,1,28,28,0,22,7,2016,16-Jul,2011,12,Ford,0
211,35,2,1,66,66,1,18,8,2016,16-Aug,2012,12,Ford,0
232,35,1,4,7,70,1,29,7,2016,16-Jul,2011,12,Ford,0
234,35,2,3,27,54,0,29,8,2016,16-Aug,2011,12,Ford,0
271,35,1,2,36,38,0,10,10,2016,16-Oct,2014,12,Ford,0
279,35,1,2,19,30,1,18,10,2016,16-Oct,2010,12,Ford,0
326,35,5,2,30,46,0,17,12,2016,16-Dec,2014,12,Ford,0
360,35,1,2,27,27,0,14,12,2016,16-Dec,2014,12,Ford,0
362,35,2,2,58,60,0,15,1,2016,16-Jan,2015,12,Ford,0
30,36,2,1,62,62,0,17,1,2016,16-Jan,2013,12,Ford,0
54,36,2,2,20,26,0,30,1,2016,16-Jan,2011,12,Ford,0
80,36,1,3,9,48,0,28,2,2016,16-Feb,2014,12,Ford,0
90,36,1,2,40,43,1,19,2,2016,16-Feb,2008,12,Ford,0
136,36,1,1,21,21,0,26,2,2016,16-Feb,2014,12,Ford,0
159,36,3,1,39,39,0,4,4,2016,16-Apr,2014,12,Ford,0
183,36,2,3,18,35,0,7,4,2016,16-Apr,2010,12,Ford,0
287,36,1,3,36,55,2,20,4,2016,16-Apr,2010,12,Ford,0
307,36,1,2,69,69,1,1,6,2016,16-Jun,2010,12,Ford,0
307,36,2,1,70,70,0,1,6,2016,16-Jun,2015,12,Ford,0
317,36,2,5,0,56,0,2,6,2016,16-Jun,2016,12,Ford,0
342,36,1,2,21,29,0,10,6,2016,16-Jun,2016,12,Ford,0
371,36,4,3,18,50,0,19,6,2016,16-Jun,2016,12,Ford,0
371,36,6,3,27,61,0,19,6,2016,16-Jun,2012,12,Ford,0
371,36,9,2,33,34,0,19,6,2016,16-Jun,2016,12,Ford,0
381,36,1,3,23,57,1,26,6,2016,16-Jun,2016,12,Ford,0
381,36,3,1,34,34,0,26,6,2016,16-Jun,2010,12,Ford,0
403,36,1,3,26,64,0,5,6,2016,16-Jun,2010,12,Ford,0
466,36,2,4,5,82,0,24,6,2016,16-Jun,2014,12,Ford,0
498,36,1,2,1,34,0,4,8,2016,16-Aug,2010,12,Ford,0
499,36,1,2,29,39,0,9,8,2016,16-Aug,2012,12,Ford,0
500,36,1,3,17,19,0,9,8,2016,16-Aug,2011,12,Ford,0
507,36,1,2,23,54,1,6,7,2016,16-Jul,2015,12,Ford,0
507,36,2,1,22,22,0,6,7,2016,16-Jul,2016,12,Ford,0
517,36,1,2,42,43,0,26,5,2016,16-May,2011,12,Ford,0
542,36,1,2,14,16,0,1,8,2016,16-Aug,2016,12,Ford,0
601,36,2,1,23,23,0,30,8,2016,16-Aug,2011,12,Ford,0
708,36,1,2,34,38,0,24,9,2016,16-Sep,2016,12,Ford,0
741,36,1,1,21,21,0,20,10,2016,16-Oct,2008,12,Ford,0
754,36,3,1,44,44,0,3,10,2016,16-Oct,2012,12,Ford,0
829,36,1,2,48,51,0,1,12,2016,16-Dec,2013,12,Ford,0
836,36,1,2,31,31,0,28,10,2016,16-Oct,2013,12,Ford,0
887,36,1,2,30,33,2,23,12,2016,16-Dec,2014,12,Ford,0
930,36,1,2,5,74,1,30,11,2016,16-Nov,2014,12,Ford,0
977,36,1,2,58,60,0,2,11,2016,16-Nov,2011,12,Ford,0
984,36,2,2,79,82,1,19,11,2016,16-Nov,2010,12,Ford,0
48,37,2,2,55,71,0,28,1,2016,16-Jan,2009,12,Ford,0
141,37,1,2,67,69,0,22,2,2016,16-Feb,2013,12,Ford,0
159,37,1,1,79,79,1,1,2,2016,16-Feb,2013,12,Ford,0
281,37,1,5,22,60,1,31,3,2016,16-Mar,2016,12,Ford,0
326,37,3,1,53,53,0,9,4,2016,16-Apr,2015,12,Ford,0
356,37,3,2,24,27,0,30,4,2016,16-Apr,2015,12,Ford,0
378,37,1,3,6,47,0,30,4,2016,16-Apr,2008,12,Ford,0
460,37,1,2,18,21,2,9,5,2016,16-May,2008,12,Ford,0
496,37,1,3,24,29,0,29,5,2016,16-May,2012,12,Ford,0
570,37,1,2,26,30,1,16,6,2016,16-Jun,2008,12,Ford,0
646,37,1,2,21,22,2,17,7,2016,16-Jul,2009,12,Ford,0
655,37,2,1,20,20,0,18,7,2016,16-Jul,2014,12,Ford,0
741,37,1,3,26,30,1,29,7,2016,16-Jul,2013,12,Ford,0
760,37,2,1,61,61,1,3,8,2016,16-Aug,2013,12,Ford,0
791,37,1,4,8,62,1,31,7,2016,16-Jul,2011,12,Ford,0
930,37,1,3,19,24,0,23,9,2016,16-Sep,2012,12,Ford,0
958,37,1,2,27,59,1,3,9,2016,16-Sep,2008,12,Ford,0
990,37,1,2,42,46,1,14,10,2016,16-Oct,2008,12,Ford,0
1038,37,1,3,30,65,0,2,10,2016,16-Oct,2012,12,Ford,0
1067,37,1,1,49,49,1,18,10,2016,16-Oct,2011,12,Ford,0
1086,37,4,2,10,37,0,23,10,2016,16-Oct,2009,12,Ford,0
1105,37,1,1,21,21,1,11,11,2016,16-Nov,2008,12,Ford,0
1117,37,1,1,21,21,0,3,11,2016,16-Nov,2010,12,Ford,0
1123,37,1,2,26,28,1,6,11,2016,16-Nov,2010,12,Ford,0
1131,37,2,2,54,62,1,1,10,2016,16-Oct,2011,12,Ford,0
1131,37,3,1,34,34,0,1,10,2016,16-Oct,2013,12,Ford,0
1143,37,3,2,2,31,0,18,11,2016,16-Nov,2011,12,Ford,0
1155,37,1,2,91,96,1,11,11,2016,16-Nov,2014,12,Ford,0
1198,37,1,1,25,25,0,9,10,2016,16-Oct,2014,12,Ford,0
1207,37,1,2,29,35,1,20,11,2016,16-Nov,2009,12,Ford,0
1209,37,2,1,56,56,1,21,11,2016,16-Nov,2013,12,Ford,0
1209,37,3,1,54,54,0,21,11,2016,16-Nov,2012,12,Ford,0
1229,37,2,1,48,48,0,10,12,2016,16-Dec,2017,12,Ford,0
1294,37,1,3,15,38,1,14,12,2016,16-Dec,2008,12,Ford,0
1315,37,1,2,35,36,0,18,12,2016,16-Dec,2013,12,Ford,0
1356,37,2,7,5,67,0,13,12,2016,16-Dec,2008,12,Ford,0
28,38,2,2,37,40,2,20,5,2016,16-May,2015,12,Ford,0
98,38,2,1,54,54,0,3,12,2016,16-Dec,2012,12,Ford,0
106,39,3,2,14,56,0,2,3,2016,16-Mar,2010,12,Ford,0
124,39,2,1,43,43,0,16,3,2016,16-Mar,2010,12,Ford,0
890,1,1,2,68,73,1,27,12,2016,16-Dec,2010,19,Cadillac,0
138,4,1,2,73,75,1,10,2,2016,16-Feb,2013,19,Cadillac,0
396,4,3,4,1,39,0,19,6,2016,16-Jun,2012,19,Cadillac,0
152,5,2,1,50,50,0,11,5,2016,16-May,2010,19,Cadillac,0
78,6,1,4,22,24,2,16,1,2016,16-Jan,2015,19,Cadillac,0
2017,6,1,1,49,49,0,29,7,2016,16-Jul,2015,19,Cadillac,0
3176,6,2,2,3,37,0,28,8,2016,16-Aug,2014,19,Cadillac,0
3230,6,1,2,25,25,1,30,8,2016,16-Aug,2013,19,Cadillac,0
3333,6,3,1,80,80,0,6,7,2016,16-Jul,2014,19,Cadillac,0
100,9,2,1,39,39,0,13,5,2016,16-May,2014,19,Cadillac,0
170,9,5,5,10,48,0,11,7,2016,16-Jul,2008,19,Cadillac,0
21,10,1,2,71,74,1,1,3,2016,16-Mar,2011,19,Cadillac,0
80,10,1,2,77,78,1,11,10,2016,16-Oct,2010,19,Cadillac,0
675,12,1,4,68,77,0,13,4,2016,16-Apr,2013,19,Cadillac,0
731,12,3,2,65,65,0,16,4,2016,16-Apr,2014,19,Cadillac,0
968,12,2,1,46,46,1,12,5,2016,16-May,2009,19,Cadillac,0
1072,12,1,3,21,38,0,29,5,2016,16-May,2010,19,Cadillac,0
1158,12,2,1,70,70,0,16,3,2016,16-Mar,2016,19,Cadillac,0
1407,12,3,1,64,64,0,1,7,2016,16-Jul,2012,19,Cadillac,0
1499,12,1,2,17,39,0,17,7,2016,16-Jul,2009,19,Cadillac,0
1623,12,1,2,80,81,0,20,7,2016,16-Jul,2012,19,Cadillac,0
1628,12,3,2,76,80,1,22,7,2016,16-Jul,2016,19,Cadillac,0
1663,12,1,2,26,80,0,24,7,2016,16-Jul,2012,19,Cadillac,1
2018,12,1,1,80,80,1,16,9,2016,16-Sep,2012,19,Cadillac,0
2265,12,2,2,36,68,0,13,10,2016,16-Oct,2016,19,Cadillac,0
2299,12,1,3,69,79,1,14,10,2016,16-Oct,2016,19,Cadillac,0
2392,12,7,1,68,68,0,1,11,2016,16-Nov,2015,19,Cadillac,0
2457,12,1,2,22,27,0,8,11,2016,16-Nov,2010,19,Cadillac,0
2492,12,1,2,72,75,0,18,11,2016,16-Nov,2010,19,Cadillac,0
2756,12,1,2,86,88,1,20,12,2016,16-Dec,2008,19,Cadillac,0
3062,12,3,1,44,44,0,4,11,2016,16-Nov,2011,19,Cadillac,0
3075,12,2,2,84,85,0,28,7,2016,16-Jul,2011,19,Cadillac,0
3122,12,1,1,28,28,0,4,11,2016,16-Nov,2015,19,Cadillac,0
425,17,2,2,1,22,0,19,6,2016,16-Jun,2014,19,Cadillac,0
565,17,3,1,69,69,0,3,8,2016,16-Aug,2008,19,Cadillac,0
772,17,2,2,55,55,0,2,10,2016,16-Oct,2010,19,Cadillac,0
94,18,2,3,31,36,0,26,2,2016,16-Feb,2009,19,Cadillac,0
704,18,1,2,70,71,1,27,11,2016,16-Nov,2016,19,Cadillac,0
326,19,1,2,21,22,2,26,11,2016,16-Nov,2008,19,Cadillac,0
94,20,1,2,44,56,0,6,5,2016,16-May,2009,19,Cadillac,0
287,21,1,1,84,84,0,7,6,2016,16-Jun,2015,19,Cadillac,0
746,21,2,4,6,39,1,31,12,2016,16-Dec,2008,19,Cadillac,0
453,22,2,2,2,31,0,22,8,2016,16-Aug,2012,19,Cadillac,0
672,22,1,1,76,76,1,1,12,2016,16-Dec,2009,19,Cadillac,0
173,24,2,1,63,63,1,2,6,2016,16-Jun,2014,19,Cadillac,0
843,26,1,2,21,30,1,20,11,2016,16-Nov,2013,19,Cadillac,0
987,26,1,3,19,23,0,30,7,2016,16-Jul,2015,19,Cadillac,0
103,28,3,1,45,45,0,25,3,2016,16-Mar,2015,19,Cadillac,0
26,35,3,4,1,28,0,5,1,2016,16-Jan,2008,19,Cadillac,0
735,36,1,1,73,73,1,11,10,2016,16-Oct,2014,19,Cadillac,0
850,36,2,2,28,28,1,12,11,2016,16-Nov,2012,19,Cadillac,0
892,36,1,2,25,27,0,26,12,2016,16-Dec,2011,19,Cadillac,0
135,37,2,2,24,53,0,4,2,2016,16-Feb,2012,19,Cadillac,0
565,37,1,2,29,34,0,17,6,2016,16-Jun,2008,19,Cadillac,0
49,38,2,2,67,74,0,21,7,2016,16-Jul,2010,19,Cadillac,0
41,1,2,5,5,37,0,28,1,2016,16-Jan,2014,42,Mercedes,0
77,1,2,2,55,73,2,16,2,2016,16-Feb,2014,42,Mercedes,0
587,1,1,3,9,31,0,17,9,2016,16-Sep,2011,42,Mercedes,0
711,1,2,3,11,52,0,15,10,2016,16-Oct,2013,42,Mercedes,0
459,5,1,1,17,17,0,15,10,2016,16-Oct,2011,42,Mercedes,0
611,6,1,1,28,28,0,1,5,2016,16-May,2011,42,Mercedes,0
656,6,1,2,30,46,1,16,4,2016,16-Apr,2016,42,Mercedes,0
879,6,2,1,28,28,0,10,3,2016,16-Mar,2016,42,Mercedes,0
1429,6,1,2,38,68,1,8,6,2016,16-Jun,2014,42,Mercedes,0
1580,6,2,1,29,29,0,10,9,2016,16-Sep,2008,42,Mercedes,0
1940,6,1,3,31,44,2,1,10,2016,16-Oct,2009,42,Mercedes,0
2131,6,4,1,43,43,0,3,10,2016,16-Oct,2008,42,Mercedes,0
2499,6,3,2,22,38,0,11,7,2016,16-Jul,2009,42,Mercedes,0
2574,6,1,1,22,22,0,24,8,2016,16-Aug,2015,42,Mercedes,0
2574,6,2,2,60,60,1,24,8,2016,16-Aug,2014,42,Mercedes,0
2755,6,2,2,4,35,0,4,6,2016,16-Jun,2016,42,Mercedes,0
2796,6,2,2,61,70,0,25,6,2016,16-Jun,2015,42,Mercedes,0
2883,6,2,1,19,19,0,20,10,2016,16-Oct,2016,42,Mercedes,0
2985,6,1,3,9,44,0,10,6,2016,16-Jun,2011,42,Mercedes,0
3345,6,3,1,69,69,0,6,5,2016,16-May,2015,42,Mercedes,0
3459,6,1,2,19,19,1,12,11,2016,16-Nov,2015,42,Mercedes,0
16,8,1,2,15,16,1,30,1,2016,16-Jan,2010,42,Mercedes,0
107,8,2,2,29,29,1,13,4,2016,16-Apr,2012,42,Mercedes,0
186,8,3,3,66,91,0,6,6,2016,16-Jun,2012,42,Mercedes,0
462,8,4,2,13,50,0,25,10,2016,16-Oct,2013,42,Mercedes,0
175,9,4,1,47,47,0,4,10,2016,16-Oct,2017,42,Mercedes,0
252,12,2,2,29,31,1,6,2,2016,16-Feb,2015,42,Mercedes,0
409,12,2,2,73,77,1,3,1,2016,16-Jan,2011,42,Mercedes,0
506,12,1,1,21,21,0,15,1,2016,16-Jan,2015,42,Mercedes,0
684,12,2,1,30,30,0,2,4,2016,16-Apr,2010,42,Mercedes,0
815,12,9,3,2,39,0,8,4,2016,16-Apr,2014,42,Mercedes,0
1077,12,1,1,61,61,0,12,5,2016,16-May,2013,42,Mercedes,0
1113,12,1,1,29,29,0,28,5,2016,16-May,2009,42,Mercedes,0
1311,12,2,4,8,52,1,24,6,2016,16-Jun,2016,42,Mercedes,0
1340,12,1,3,26,51,3,22,6,2016,16-Jun,2013,42,Mercedes,0
1492,12,4,2,47,73,0,14,6,2016,16-Jun,2016,42,Mercedes,0
1597,12,1,2,66,69,1,14,7,2016,16-Jul,2012,42,Mercedes,0
2149,12,1,1,20,20,0,19,8,2016,16-Aug,2013,42,Mercedes,0
2203,12,2,1,16,16,0,11,10,2016,16-Oct,2008,42,Mercedes,0
2426,12,1,3,25,25,0,16,10,2016,16-Oct,2013,42,Mercedes,0
2432,12,1,2,69,69,0,23,10,2016,16-Oct,2017,42,Mercedes,0
2516,12,2,1,21,21,0,1,10,2016,16-Oct,2010,42,Mercedes,0
2670,12,1,1,36,36,0,27,11,2016,16-Nov,2013,42,Mercedes,0
2953,12,2,1,37,37,0,22,11,2016,16-Nov,2011,42,Mercedes,0
3021,12,2,1,74,74,0,13,2,2016,16-Feb,2016,42,Mercedes,0
3031,12,2,2,11,53,1,27,12,2016,16-Dec,2015,42,Mercedes,0
428,13,2,2,56,63,1,19,3,2016,16-Mar,2012,42,Mercedes,0
784,13,3,1,59,59,0,2,8,2016,16-Aug,2016,42,Mercedes,0
81,15,4,2,65,68,0,8,10,2016,16-Oct,2011,42,Mercedes,0
328,17,1,3,30,35,1,16,5,2016,16-May,2015,42,Mercedes,0
597,17,1,2,66,66,0,15,8,2016,16-Aug,2014,42,Mercedes,0
379,18,1,1,30,30,0,5,7,2016,16-Jul,2015,42,Mercedes,0
403,22,2,4,54,69,1,21,5,2016,16-May,2009,42,Mercedes,0
478,22,4,2,33,39,0,31,8,2016,16-Aug,2016,42,Mercedes,0
32,24,1,2,37,40,2,5,2,2016,16-Feb,2015,42,Mercedes,0
446,24,2,1,74,74,0,16,12,2016,16-Dec,2016,42,Mercedes,0
285,25,1,3,17,24,2,2,12,2016,16-Dec,2014,42,Mercedes,0
287,25,1,2,21,23,2,10,12,2016,16-Dec,2010,42,Mercedes,0
518,29,1,2,61,61,0,13,7,2016,16-Jul,2014,42,Mercedes,0
97,32,5,1,34,34,0,24,3,2016,16-Mar,2008,42,Mercedes,0
238,32,1,1,45,45,0,22,7,2016,16-Jul,2014,42,Mercedes,0
126,34,2,3,23,52,0,1,4,2016,16-Apr,2014,42,Mercedes,0
195,34,2,1,24,24,0,25,6,2016,16-Jun,2008,42,Mercedes,0
329,34,1,2,70,84,1,18,8,2016,16-Aug,2011,42,Mercedes,0
432,34,6,1,59,59,0,14,7,2016,16-Jul,2013,42,Mercedes,0
1,36,1,3,16,70,1,2,1,2016,16-Jan,2008,42,Mercedes,0
159,36,1,13,26,71,0,4,4,2016,16-Apr,2011,42,Mercedes,0
385,36,2,5,10,54,0,30,6,2016,16-Jun,2016,42,Mercedes,0
389,36,1,2,19,22,1,29,6,2016,16-Jun,2010,42,Mercedes,0
892,36,2,3,8,46,0,26,12,2016,16-Dec,2013,42,Mercedes,0
108,37,1,2,38,45,1,7,2,2016,16-Feb,2008,42,Mercedes,0
307,37,1,2,47,52,0,6,4,2016,16-Apr,2008,42,Mercedes,0
600,1,4,1,22,22,0,9,10,2016,16-Oct,2008,51,Volvo,0
70,2,1,1,44,44,0,20,11,2016,16-Nov,2008,51,Volvo,0
629,6,2,2,43,47,0,26,2,2016,16-Feb,2015,51,Volvo,0
860,6,3,2,61,62,0,15,4,2016,16-Apr,2016,51,Volvo,0
2848,6,2,1,35,35,0,12,3,2016,16-Mar,2009,51,Volvo,0
3540,6,1,3,22,70,1,17,9,2016,16-Sep,2012,51,Volvo,0
189,9,3,1,32,32,0,20,10,2016,16-Oct,2016,51,Volvo,0
212,9,1,1,79,79,1,7,7,2016,16-Jul,2009,51,Volvo,0
81,12,1,4,26,58,1,2,1,2016,16-Jan,2013,51,Volvo,0
721,12,2,2,15,16,0,29,3,2016,16-Mar,2008,51,Volvo,0
856,12,1,1,55,55,0,7,5,2016,16-May,2008,51,Volvo,0
856,12,3,3,1,28,0,7,5,2016,16-May,2008,51,Volvo,0
1095,12,6,2,23,28,0,16,5,2016,16-May,2010,51,Volvo,0
2849,12,2,2,24,24,0,25,12,2016,16-Dec,2016,51,Volvo,0
863,13,4,1,69,69,0,21,8,2016,16-Aug,2011,51,Volvo,0
723,18,2,1,67,67,1,2,12,2016,16-Dec,2016,51,Volvo,0
364,20,2,2,59,61,0,17,12,2016,16-Dec,2012,51,Volvo,0
198,24,3,4,3,38,0,6,7,2016,16-Jul,2008,51,Volvo,0
269,25,1,1,50,50,1,27,11,2016,16-Nov,2014,51,Volvo,0
719,26,2,1,18,18,0,18,10,2016,16-Oct,2008,51,Volvo,0
463,37,2,2,66,68,0,21,5,2016,16-May,2013,51,Volvo,0
841,37,3,2,65,69,0,12,8,2016,16-Aug,2012,51,Volvo,0
874,37,2,2,47,55,1,14,9,2016,16-Sep,2016,51,Volvo,0
133,39,3,1,28,28,0,21,3,2016,16-Mar,2016,51,Volvo,0
50,1,1,1,31,31,1,12,2,2016,16-Feb,2015,12,Ford,0
85,1,1,1,56,56,0,21,2,2016,16-Feb,2011,12,Ford,0
88,1,2,1,49,49,0,23,2,2016,16-Feb,2016,12,Ford,0
114,1,1,1,25,25,1,8,3,2016,16-Mar,2008,12,Ford,0
170,1,1,1,23,23,1,3,4,2016,16-Apr,2014,12,Ford,0
217,1,1,1,26,26,1,4,2,2016,16-Feb,2015,12,Ford,0
253,1,1,1,22,22,0,14,4,2016,16-Apr,2012,12,Ford,0
262,1,1,1,23,23,0,12,5,2016,16-May,2008,12,Ford,0
265,1,1,1,54,54,0,13,5,2016,16-May,2008,12,Ford,0
279,1,1,1,80,80,1,22,5,2016,16-May,2014,12,Ford,0
338,1,2,1,46,46,0,23,6,2016,16-Jun,2009,12,Ford,0
340,1,1,1,33,33,0,9,6,2016,16-Jun,2013,12,Ford,0
400,1,1,1,21,21,1,22,3,2016,16-Mar,2012,12,Ford,0
455,1,1,1,67,67,1,29,7,2016,16-Jul,2015,12,Ford,0
458,1,2,1,58,58,0,1,8,2016,16-Aug,2016,12,Ford,0
474,1,2,1,24,24,0,20,8,2016,16-Aug,2014,12,Ford,0
514,1,1,1,65,65,1,24,8,2016,16-Aug,2008,12,Ford,0
581,1,1,1,63,63,1,12,9,2016,16-Sep,2008,12,Ford,0
618,1,1,1,60,60,1,21,9,2016,16-Sep,2013,12,Ford,0
643,1,1,1,28,28,0,1,10,2016,16-Oct,2014,12,Ford,0
746,1,1,1,85,85,0,3,11,2016,16-Nov,2008,12,Ford,0
774,1,2,1,32,32,0,16,11,2016,16-Nov,2013,12,Ford,0
776,1,1,1,37,37,1,18,11,2016,16-Nov,2014,12,Ford,0
787,1,2,1,34,34,0,22,12,2016,16-Dec,2013,12,Ford,0
859,1,1,1,42,42,0,15,12,2016,16-Dec,2014,12,Ford,0
919,1,1,1,45,45,1,30,12,2016,16-Dec,2012,12,Ford,0
976,1,1,1,25,25,0,13,7,2016,16-Jul,2010,12,Ford,0
12,2,5,1,34,34,0,20,4,2016,16-Apr,2014,12,Ford,0
31,2,1,1,40,40,0,30,6,2016,16-Jun,2010,12,Ford,0
40,2,2,1,37,37,0,18,7,2016,16-Jul,2011,12,Ford,0
69,2,2,1,24,24,1,16,11,2016,16-Nov,2008,12,Ford,0
14,4,1,1,36,36,0,19,1,2016,16-Jan,2013,12,Ford,0
28,4,2,1,28,28,0,14,1,2016,16-Jan,2011,12,Ford,0
31,4,2,1,34,34,0,16,1,2016,16-Jan,2014,12,Ford,0
100,4,2,1,57,57,0,27,2,2016,16-Feb,2013,12,Ford,0
176,4,2,1,44,44,0,9,4,2016,16-Apr,2010,12,Ford,0
260,4,1,1,82,82,1,21,4,2016,16-Apr,2011,12,Ford,0
290,4,1,1,41,41,1,16,5,2016,16-May,2014,12,Ford,0
331,4,2,1,26,26,0,27,5,2016,16-May,2009,12,Ford,0
370,4,1,1,67,67,0,15,6,2016,16-Jun,2013,12,Ford,0
449,4,2,1,30,30,0,18,7,2016,16-Jul,2014,12,Ford,0
463,4,1,1,19,19,1,5,7,2016,16-Jul,2008,12,Ford,0
477,4,1,1,38,38,0,2,7,2016,16-Jul,2010,12,Ford,0
552,4,2,1,32,32,0,2,9,2016,16-Sep,2011,12,Ford,0
595,4,1,1,48,48,1,8,9,2016,16-Sep,2012,12,Ford,0
616,4,2,1,22,22,1,30,8,2016,16-Aug,2012,12,Ford,0
676,4,1,1,23,23,1,22,10,2016,16-Oct,2011,12,Ford,0
688,4,2,1,71,71,0,3,10,2016,16-Oct,2016,12,Ford,0
698,4,2,1,61,61,0,17,10,2016,16-Oct,2016,12,Ford,0
782,4,1,1,22,22,0,2,11,2016,16-Nov,2011,12,Ford,0
792,4,1,1,38,38,0,12,11,2016,16-Nov,2013,12,Ford,0
824,4,1,1,25,25,0,23,12,2016,16-Dec,2011,12,Ford,0
832,4,1,1,28,28,0,31,12,2016,16-Dec,2014,12,Ford,0
860,4,1,1,51,51,0,10,12,2016,16-Dec,2012,12,Ford,0
24,5,1,1,21,21,0,24,1,2016,16-Jan,2008,12,Ford,0
57,5,1,1,63,63,0,26,2,2016,16-Feb,2012,12,Ford,0
265,5,1,1,67,67,1,31,7,2016,16-Jul,2015,12,Ford,0
315,5,2,1,36,36,0,19,9,2016,16-Sep,2009,12,Ford,0
324,5,1,1,37,37,0,26,9,2016,16-Sep,2010,12,Ford,0
377,5,2,1,33,33,0,7,11,2016,16-Nov,2012,12,Ford,0
464,5,2,1,44,44,0,12,10,2016,16-Oct,2015,12,Ford,0
474,5,1,1,31,31,1,27,11,2016,16-Nov,2010,12,Ford,0
482,5,1,1,27,27,1,22,12,2016,16-Dec,2010,12,Ford,0
79,6,1,1,39,39,1,6,1,2016,16-Jan,2008,12,Ford,0
114,6,2,1,41,41,0,7,2,2016,16-Feb,2012,12,Ford,0
117,6,1,1,31,31,0,31,1,2016,16-Jan,2015,12,Ford,0
153,6,1,1,67,67,0,5,2,2016,16-Feb,2014,12,Ford,0
177,6,2,1,52,52,0,10,2,2016,16-Feb,2013,12,Ford,0
186,6,2,1,31,31,0,29,2,2016,16-Feb,2010,12,Ford,0
230,6,1,1,42,42,1,2,3,2016,16-Mar,2012,12,Ford,0
238,6,2,1,54,54,1,21,3,2016,16-Mar,2012,12,Ford,0
252,6,2,1,50,50,0,14,1,2016,16-Jan,2009,12,Ford,0
324,6,1,1,82,82,1,25,3,2016,16-Mar,2011,12,Ford,0
330,6,2,1,77,77,1,29,1,2016,16-Jan,2011,12,Ford,0
403,6,1,1,33,33,0,6,4,2016,16-Apr,2014,12,Ford,0
416,6,2,1,57,57,0,30,3,2016,16-Mar,2013,12,Ford,0
434,6,2,1,21,21,1,1,1,2016,16-Jan,2015,12,Ford,0
450,6,2,1,30,30,1,1,3,2016,16-Mar,2016,12,Ford,0
474,6,1,1,24,24,0,28,4,2016,16-Apr,2013,12,Ford,0
512,6,2,1,32,32,0,29,3,2016,16-Mar,2008,12,Ford,0
561,6,1,1,64,64,0,16,3,2016,16-Mar,2013,12,Ford,0
563,6,1,1,36,36,1,23,3,2016,16-Mar,2014,12,Ford,1
610,6,1,1,52,52,0,29,4,2016,16-Apr,2014,12,Ford,0
619,6,2,1,24,24,0,2,5,2016,16-May,2012,12,Ford,0
632,6,1,1,68,68,0,18,4,2016,16-Apr,2011,12,Ford,0
694,6,1,1,36,36,1,13,3,2016,16-Mar,2011,12,Ford,0
706,6,2,1,77,77,0,26,5,2016,16-May,2015,12,Ford,0
774,6,2,1,58,58,0,20,5,2016,16-May,2009,12,Ford,0
797,6,2,1,25,25,0,29,3,2016,16-Mar,2009,12,Ford,0
840,6,2,1,52,52,0,20,4,2016,16-Apr,2013,12,Ford,0
870,6,1,1,34,34,1,3,3,2016,16-Mar,2015,12,Ford,0
953,6,1,1,30,30,0,5,2,2016,16-Feb,2008,12,Ford,0
955,6,1,1,34,34,0,24,4,2016,16-Apr,2013,12,Ford,0
974,6,2,1,45,45,0,12,6,2016,16-Jun,2010,12,Ford,0
977,6,1,1,27,27,0,20,3,2016,16-Mar,2009,12,Ford,0
1086,6,1,1,87,87,1,10,2,2016,16-Feb,2010,12,Ford,0
1104,6,1,1,49,49,0,28,3,2016,16-Mar,2013,12,Ford,0
1128,6,2,1,23,23,1,14,7,2016,16-Jul,2014,12,Ford,0
1138,6,1,1,24,24,0,27,5,2016,16-May,2008,12,Ford,0
1154,6,1,1,37,37,0,2,6,2016,16-Jun,2013,12,Ford,0
1155,6,1,1,29,29,0,25,5,2016,16-May,2008,12,Ford,0
1189,6,1,1,37,37,0,9,6,2016,16-Jun,2010,12,Ford,0
1214,6,1,1,27,27,0,3,3,2016,16-Mar,2011,12,Ford,0
1220,6,2,1,85,85,1,30,6,2016,16-Jun,2010,12,Ford,0
1277,6,1,1,24,24,1,21,8,2016,16-Aug,2009,12,Ford,0
1289,6,2,1,21,21,1,3,8,2016,16-Aug,2014,12,Ford,0
1311,6,2,1,34,34,1,10,5,2016,16-May,2011,12,Ford,0
1336,6,2,1,59,59,0,27,5,2016,16-May,2009,12,Ford,0
1349,6,1,1,66,66,0,20,5,2016,16-May,2014,12,Ford,0
1408,6,2,1,23,23,0,6,8,2016,16-Aug,2009,12,Ford,0
1523,6,2,1,51,51,0,19,1,2016,16-Jan,2015,12,Ford,0
1598,6,1,1,59,59,0,20,8,2016,16-Aug,2011,12,Ford,0
1614,6,2,1,34,34,0,18,5,2016,16-May,2011,12,Ford,0
1641,6,2,1,30,30,0,11,8,2016,16-Aug,2010,12,Ford,0
1669,6,2,1,21,21,1,10,5,2016,16-May,2008,12,Ford,0
1757,6,1,1,34,34,0,25,7,2016,16-Jul,2015,12,Ford,0
1767,6,2,1,22,22,0,11,9,2016,16-Sep,2012,12,Ford,0
1792,6,1,1,68,68,1,14,9,2016,16-Sep,2008,12,Ford,0
1798,6,1,1,54,54,0,2,10,2016,16-Oct,2013,12,Ford,0
1805,6,1,1,20,20,0,30,9,2016,16-Sep,2014,12,Ford,0
1812,6,1,1,52,52,1,16,10,2016,16-Oct,2011,12,Ford,0
1837,6,1,1,21,21,1,3,11,2016,16-Nov,2011,12,Ford,0
1966,6,1,1,31,31,0,16,7,2016,16-Jul,2011,12,Ford,0
1974,6,2,1,22,22,0,22,11,2016,16-Nov,2014,12,Ford,0
2029,6,1,1,43,43,1,9,9,2016,16-Sep,2015,12,Ford,0
2053,6,1,1,45,45,1,29,9,2016,16-Sep,2011,12,Ford,0
2057,6,2,1,28,28,0,2,12,2016,16-Dec,2014,12,Ford,0
2129,6,1,1,54,54,0,21,10,2016,16-Oct,2016,12,Ford,0
2153,6,1,1,53,53,0,22,7,2016,16-Jul,2013,12,Ford,0
2397,6,2,1,59,59,1,11,11,2016,16-Nov,2013,12,Ford,0
2436,6,1,1,74,74,0,14,8,2016,16-Aug,2008,12,Ford,0
2453,6,1,1,35,35,0,30,9,2016,16-Sep,2013,12,Ford,1
2474,6,1,1,80,80,0,11,8,2016,16-Aug,2009,12,Ford,0
2545,6,1,1,48,48,0,2,10,2016,16-Oct,2014,12,Ford,0
2562,6,1,1,51,51,0,16,7,2016,16-Jul,2011,12,Ford,0
2578,6,1,1,34,34,0,26,9,2016,16-Sep,2008,12,Ford,0
2585,6,1,1,43,43,0,29,8,2016,16-Aug,2010,12,Ford,0
2619,6,1,1,57,57,0,8,11,2016,16-Nov,2015,12,Ford,0
2675,6,1,1,69,69,1,28,10,2016,16-Oct,2016,12,Ford,0
2717,6,1,1,30,30,0,14,10,2016,16-Oct,2014,12,Ford,0
2732,6,1,1,46,46,0,20,11,2016,16-Nov,2008,12,Ford,0
2751,6,1,1,38,38,0,24,10,2016,16-Oct,2013,12,Ford,0
2793,6,1,1,50,50,0,20,12,2016,16-Dec,2016,12,Ford,0
2983,6,1,1,25,25,1,14,11,2016,16-Nov,2011,12,Ford,0
3002,6,2,1,58,58,0,25,11,2016,16-Nov,2014,12,Ford,0
3017,6,1,1,22,22,0,19,10,2016,16-Oct,2011,12,Ford,0
3128,6,1,1,45,45,0,3,7,2016,16-Jul,2013,12,Ford,0
3138,6,2,1,24,24,0,8,7,2016,16-Jul,2016,12,Ford,0
3164,6,1,1,54,54,0,29,9,2016,16-Sep,2012,12,Ford,0
3184,6,1,1,54,54,0,25,2,2016,16-Feb,2015,12,Ford,0
3281,6,1,1,22,22,0,31,5,2016,16-May,2014,12,Ford,0
3342,6,1,1,73,73,0,3,3,2016,16-Mar,2014,12,Ford,0
3354,6,1,1,92,92,0,29,4,2016,16-Apr,2013,12,Ford,0
3441,6,1,1,43,43,0,27,12,2016,16-Dec,2011,12,Ford,0
3447,6,1,1,45,45,0,1,6,2016,16-Jun,2013,12,Ford,0
3449,6,1,1,33,33,0,27,6,2016,16-Jun,2015,12,Ford,0
3458,6,1,1,18,18,0,11,11,2016,16-Nov,2015,12,Ford,0
3500,6,1,1,35,35,0,13,10,2016,16-Oct,2014,12,Ford,0
29,8,2,1,41,41,0,2,2,2016,16-Feb,2015,12,Ford,0
119,8,1,1,48,48,1,22,4,2016,16-Apr,2015,12,Ford,0
124,8,2,1,57,57,0,29,4,2016,16-Apr,2013,12,Ford,0
156,8,2,1,69,69,0,11,5,2016,16-May,2009,12,Ford,0
163,8,1,1,68,68,0,28,5,2016,16-May,2008,12,Ford,0
172,8,1,1,20,20,0,20,5,2016,16-May,2008,12,Ford,0
188,8,3,1,39,39,0,9,6,2016,16-Jun,2014,12,Ford,0
359,8,2,1,29,29,0,2,9,2016,16-Sep,2010,12,Ford,0
379,8,1,1,67,67,0,10,9,2016,16-Sep,2014,12,Ford,0
452,8,1,1,22,22,1,14,10,2016,16-Oct,2009,12,Ford,0
453,8,1,1,34,34,0,17,10,2016,16-Oct,2010,12,Ford,0
471,8,1,1,27,27,0,30,10,2016,16-Oct,2008,12,Ford,0
479,8,2,1,65,65,1,14,10,2016,16-Oct,2009,12,Ford,0
512,8,1,1,38,38,0,5,11,2016,16-Nov,2008,12,Ford,0
514,8,1,1,63,63,1,19,11,2016,16-Nov,2014,12,Ford,0
518,8,1,1,47,47,0,17,11,2016,16-Nov,2008,12,Ford,0
545,8,1,1,71,71,1,22,12,2016,16-Dec,2009,12,Ford,0
9,9,1,1,46,46,1,30,1,2016,16-Jan,2010,12,Ford,0
14,9,1,1,40,40,1,13,1,2016,16-Jan,2014,12,Ford,0
183,9,1,1,58,58,0,27,9,2016,16-Sep,2008,12,Ford,0
190,9,1,1,53,53,0,16,10,2016,16-Oct,2015,12,Ford,0
214,9,1,1,57,57,0,23,10,2016,16-Oct,2014,12,Ford,0
95,10,1,1,18,18,0,6,7,2016,16-Jul,2009,12,Ford,1
111,10,1,1,23,23,0,29,6,2016,16-Jun,2011,12,Ford,0
112,10,1,1,71,71,1,21,10,2016,16-Oct,2010,12,Ford,0
9,11,2,1,22,22,0,2,7,2016,16-Jul,2010,12,Ford,0
17,12,1,1,59,59,1,6,1,2016,16-Jan,2008,12,Ford,0
20,12,1,1,29,29,1,30,1,2016,16-Jan,2012,12,Ford,0
26,12,2,1,77,77,1,1,1,2016,16-Jan,2010,12,Ford,0
32,12,2,1,21,21,0,1,1,2016,16-Jan,2011,12,Ford,0
45,12,2,1,31,31,0,10,1,2016,16-Jan,2008,12,Ford,0
56,12,1,1,22,22,0,17,1,2016,16-Jan,2014,12,Ford,0
88,12,1,1,51,51,1,1,2,2016,16-Feb,2011,12,Ford,0
145,12,1,1,23,23,0,28,2,2016,16-Feb,2013,12,Ford,0
179,12,2,1,64,64,0,20,2,2016,16-Feb,2016,12,Ford,0
183,12,1,1,21,21,1,15,2,2016,16-Feb,2008,12,Ford,0
295,12,1,1,81,81,1,7,1,2016,16-Jan,2010,12,Ford,0
307,12,2,1,65,65,0,19,3,2016,16-Mar,2010,12,Ford,0
318,12,1,1,60,60,1,29,2,2016,16-Feb,2014,12,Ford,0
328,12,1,1,23,23,1,17,3,2016,16-Mar,2011,12,Ford,0
355,12,3,1,38,38,0,21,2,2016,16-Feb,2015,12,Ford,0
374,12,2,1,35,35,0,28,3,2016,16-Mar,2016,12,Ford,0
397,12,1,1,49,49,0,23,3,2016,16-Mar,2008,12,Ford,0
419,12,1,1,42,42,0,7,1,2016,16-Jan,2011,12,Ford,0
496,12,1,1,31,31,0,17,2,2016,16-Feb,2011,12,Ford,0
536,12,1,1,61,61,0,5,1,2016,16-Jan,2008,12,Ford,0
581,12,1,1,20,20,0,3,3,2016,16-Mar,2008,12,Ford,0
644,12,1,1,35,35,0,5,4,2016,16-Apr,2011,12,Ford,0
687,12,1,1,20,20,1,13,4,2016,16-Apr,2010,12,Ford,0
748,12,1,1,62,62,0,17,3,2016,16-Mar,2014,12,Ford,0
789,12,1,1,43,43,0,21,4,2016,16-Apr,2016,12,Ford,0
826,12,1,1,60,60,1,27,4,2016,16-Apr,2011,12,Ford,0
838,12,1,1,33,33,0,12,4,2016,16-Apr,2016,12,Ford,0
848,12,1,1,29,29,0,25,4,2016,16-Apr,2016,12,Ford,0
873,12,1,1,54,54,0,30,4,2016,16-Apr,2012,12,Ford,0
1091,12,2,1,55,55,0,24,5,2016,16-May,2011,12,Ford,0
1177,12,1,1,30,30,0,21,5,2016,16-May,2014,12,Ford,0
1189,12,1,1,52,52,0,8,6,2016,16-Jun,2013,12,Ford,0
1207,12,2,1,17,17,1,9,6,2016,16-Jun,2012,12,Ford,0
1230,12,1,1,71,71,1,28,3,2016,16-Mar,2008,12,Ford,0
1239,12,1,1,23,23,0,30,5,2016,16-May,2016,12,Ford,0
1253,12,1,1,55,55,0,14,6,2016,16-Jun,2008,12,Ford,0
1290,12,1,1,25,25,1,23,6,2016,16-Jun,2008,12,Ford,0
1351,12,2,1,42,42,0,29,6,2016,16-Jun,2013,12,Ford,0
1364,12,1,1,70,70,0,11,6,2016,16-Jun,2008,12,Ford,0
1373,12,2,1,22,22,0,28,6,2016,16-Jun,2014,12,Ford,0
1427,12,3,1,51,51,0,14,5,2016,16-May,2008,12,Ford,0
1468,12,1,1,33,33,1,13,7,2016,16-Jul,2015,12,Ford,0
1500,12,1,1,19,19,0,9,7,2016,16-Jul,2015,12,Ford,0
1512,12,1,1,57,57,1,29,3,2016,16-Mar,2011,12,Ford,0
1549,12,1,1,48,48,0,22,7,2016,16-Jul,2012,12,Ford,0
1554,12,1,1,61,61,1,15,7,2016,16-Jul,2008,12,Ford,0
1557,12,4,1,62,62,0,24,7,2016,16-Jul,2016,12,Ford,0
1716,12,1,1,25,25,0,16,8,2016,16-Aug,2015,12,Ford,0
1759,12,1,1,43,43,0,22,8,2016,16-Aug,2014,12,Ford,0
1781,12,1,1,70,70,0,20,8,2016,16-Aug,2014,12,Ford,0
1811,12,1,1,49,49,0,24,8,2016,16-Aug,2008,12,Ford,0
1941,12,2,1,30,30,0,13,9,2016,16-Sep,2014,12,Ford,0
1975,12,1,1,55,55,0,27,8,2016,16-Aug,2012,12,Ford,0
1986,12,2,1,31,31,0,19,9,2016,16-Sep,2014,12,Ford,0
2022,12,1,1,26,26,0,19,9,2016,16-Sep,2014,12,Ford,0
2033,12,1,1,32,32,1,13,9,2016,16-Sep,2015,12,Ford,0
2050,12,2,1,56,56,0,1,6,2016,16-Jun,2016,12,Ford,0
2058,12,1,1,62,62,0,19,9,2016,16-Sep,2010,12,Ford,0
2060,12,1,1,33,33,0,4,9,2016,16-Sep,2008,12,Ford,0
2079,12,2,1,60,60,0,18,9,2016,16-Sep,2012,12,Ford,0
2107,12,2,1,59,59,0,18,9,2016,16-Sep,2014,12,Ford,0
2177,12,2,1,21,21,0,4,10,2016,16-Oct,2013,12,Ford,0
2191,12,2,1,38,38,0,6,10,2016,16-Oct,2010,12,Ford,0
2238,12,1,1,19,19,1,22,9,2016,16-Sep,2013,12,Ford,0
2263,12,2,1,28,28,0,20,10,2016,16-Oct,2016,12,Ford,0
2317,12,2,1,78,78,1,1,11,2016,16-Nov,2012,12,Ford,0
2336,12,1,1,42,42,1,2,11,2016,16-Nov,2013,12,Ford,0
2339,12,1,1,46,46,1,31,10,2016,16-Oct,2014,12,Ford,0
2434,12,2,1,35,35,1,8,11,2016,16-Nov,2011,12,Ford,0
2484,12,1,1,66,66,0,14,11,2016,16-Nov,2010,12,Ford,0
2489,12,1,1,24,24,0,6,11,2016,16-Nov,2008,12,Ford,0
2529,12,1,1,47,47,1,28,11,2016,16-Nov,2016,12,Ford,0
2545,12,2,1,49,49,0,16,11,2016,16-Nov,2012,12,Ford,0
2553,12,1,1,71,71,1,26,10,2016,16-Oct,2009,12,Ford,0
2611,12,1,1,51,51,1,28,11,2016,16-Nov,2012,12,Ford,0
2624,12,1,1,66,66,0,7,12,2016,16-Dec,2008,12,Ford,0
2690,12,1,1,26,26,1,14,11,2016,16-Nov,2014,12,Ford,0
2694,12,1,1,74,74,1,13,12,2016,16-Dec,2013,12,Ford,0
2696,12,1,1,53,53,0,3,12,2016,16-Dec,2014,12,Ford,0
2713,12,1,1,65,65,0,31,8,2016,16-Aug,2016,12,Ford,0
2735,12,1,1,61,61,0,9,12,2016,16-Dec,2012,12,Ford,0
2752,12,1,1,40,40,0,23,12,2016,16-Dec,2011,12,Ford,0
2781,12,2,1,69,69,0,22,12,2016,16-Dec,2010,12,Ford,0
2813,12,2,1,61,61,0,20,12,2016,16-Dec,2012,12,Ford,0
2852,12,1,1,22,22,0,7,10,2016,16-Oct,2012,12,Ford,0
2857,12,3,1,66,66,0,29,12,2016,16-Dec,2016,12,Ford,0
2886,12,1,1,30,30,0,19,9,2016,16-Sep,2015,12,Ford,0
2982,12,1,1,35,35,0,16,12,2016,16-Dec,2015,12,Ford,0
3016,12,2,1,25,25,0,7,11,2016,16-Nov,2011,12,Ford,0
9,13,1,1,36,36,1,2,1,2016,16-Jan,2010,12,Ford,0
55,13,1,1,37,37,1,18,1,2016,16-Jan,2010,12,Ford,0
93,13,1,1,74,74,0,31,1,2016,16-Jan,2009,12,Ford,0
142,13,2,1,42,42,0,17,2,2016,16-Feb,2008,12,Ford,0
149,13,2,1,67,67,0,19,2,2016,16-Feb,2015,12,Ford,0
167,13,1,1,58,58,0,22,2,2016,16-Feb,2009,12,Ford,0
212,13,3,1,50,50,0,3,3,2016,16-Mar,2011,12,Ford,0
231,13,1,1,83,83,1,7,3,2016,16-Mar,2011,12,Ford,0
376,13,1,1,47,47,1,15,4,2016,16-Apr,2014,12,Ford,0
393,13,1,1,30,30,1,19,4,2016,16-Apr,2016,12,Ford,0
397,13,1,1,20,20,0,20,4,2016,16-Apr,2008,12,Ford,0
441,13,2,1,46,46,0,3,5,2016,16-May,2014,12,Ford,0
452,13,1,1,64,64,0,6,5,2016,16-May,2011,12,Ford,0
457,13,1,1,28,28,0,7,5,2016,16-May,2008,12,Ford,0
472,13,1,1,53,53,0,10,5,2016,16-May,2008,12,Ford,0
482,13,2,1,26,26,1,12,5,2016,16-May,2015,12,Ford,0
496,13,1,1,24,24,1,15,5,2016,16-May,2013,12,Ford,0
520,13,2,1,42,42,0,23,5,2016,16-May,2014,12,Ford,0
522,13,1,1,84,84,1,23,5,2016,16-May,2010,12,Ford,0
533,13,1,1,85,85,0,27,5,2016,16-May,2014,12,Ford,0
569,13,1,1,63,63,0,4,6,2016,16-Jun,2010,12,Ford,0
579,13,1,1,41,41,0,8,6,2016,16-Jun,2013,12,Ford,0
591,13,2,1,36,36,0,11,6,2016,16-Jun,2012,12,Ford,0
636,13,2,1,65,65,1,22,6,2016,16-Jun,2016,12,Ford,0
639,13,1,1,48,48,1,22,6,2016,16-Jun,2014,12,Ford,0
658,13,3,1,44,44,0,25,6,2016,16-Jun,2012,12,Ford,0
670,13,1,1,60,60,1,30,6,2016,16-Jun,2008,12,Ford,0
708,13,2,1,39,39,0,12,7,2016,16-Jul,2013,12,Ford,0
709,13,1,1,38,38,1,12,7,2016,16-Jul,2009,12,Ford,0
723,13,1,1,79,79,1,16,7,2016,16-Jul,2010,12,Ford,0
764,13,1,1,74,74,0,27,7,2016,16-Jul,2008,12,Ford,0
809,13,1,1,42,42,0,7,8,2016,16-Aug,2015,12,Ford,0
816,13,1,1,25,25,0,9,8,2016,16-Aug,2013,12,Ford,0
840,13,1,1,30,30,1,22,7,2016,16-Jul,2011,12,Ford,0
853,13,1,1,79,79,1,17,8,2016,16-Aug,2011,12,Ford,0
888,13,1,1,36,36,0,26,8,2016,16-Aug,2015,12,Ford,0
897,13,2,1,26,26,0,29,8,2016,16-Aug,2013,12,Ford,0
899,13,1,1,60,60,0,29,8,2016,16-Aug,2011,12,Ford,0
1094,13,1,1,23,23,0,10,10,2016,16-Oct,2016,12,Ford,0
1101,13,1,1,37,37,0,13,10,2016,16-Oct,2009,12,Ford,0
1121,13,2,1,28,28,0,8,10,2016,16-Oct,2011,12,Ford,0
1124,13,1,1,53,53,1,28,8,2016,16-Aug,2008,12,Ford,0
1125,13,2,1,77,77,0,19,9,2016,16-Sep,2015,12,Ford,0
1168,13,2,1,62,62,0,26,10,2016,16-Oct,2008,12,Ford,0
1186,13,1,1,28,28,1,30,10,2016,16-Oct,2011,12,Ford,0
1194,13,1,1,49,49,1,3,11,2016,16-Nov,2014,12,Ford,0
1205,13,1,1,31,31,0,5,11,2016,16-Nov,2012,12,Ford,0
1209,13,1,1,55,55,1,5,11,2016,16-Nov,2013,12,Ford,0
1217,13,2,1,64,64,0,7,11,2016,16-Nov,2014,12,Ford,0
1243,13,2,1,58,58,1,15,11,2016,16-Nov,2014,12,Ford,0
1246,13,1,1,58,58,0,16,11,2016,16-Nov,2012,12,Ford,0
1248,13,3,1,50,50,0,16,11,2016,16-Nov,2010,12,Ford,0
1306,13,1,1,26,26,0,28,11,2016,16-Nov,2011,12,Ford,0
1311,13,1,1,24,24,1,29,11,2016,16-Nov,2008,12,Ford,0
1366,13,1,1,53,53,1,12,12,2016,16-Dec,2008,12,Ford,0
1391,13,2,1,46,46,0,17,12,2016,16-Dec,2010,12,Ford,0
1428,13,1,1,48,48,1,28,12,2016,16-Dec,2014,12,Ford,0
43,15,1,1,54,54,0,18,6,2016,16-Jun,2010,12,Ford,0
72,15,1,1,49,49,0,11,9,2016,16-Sep,2016,12,Ford,0
99,15,1,1,52,52,1,30,11,2016,16-Nov,2008,12,Ford,0
45,16,1,1,21,21,1,22,4,2016,16-Apr,2012,12,Ford,0
46,16,1,1,39,39,1,23,4,2016,16-Apr,2015,12,Ford,0
83,16,2,1,38,38,0,14,6,2016,16-Jun,2016,12,Ford,0
99,16,2,1,58,58,0,26,6,2016,16-Jun,2014,12,Ford,0
114,16,1,1,69,69,0,13,7,2016,16-Jul,2014,12,Ford,0
181,16,1,1,33,33,0,8,10,2016,16-Oct,2008,12,Ford,0
6,17,2,1,60,60,0,3,1,2016,16-Jan,2013,12,Ford,0
9,17,1,1,31,31,1,6,1,2016,16-Jan,2009,12,Ford,0
44,17,2,1,20,20,0,22,1,2016,16-Jan,2009,12,Ford,0
105,17,1,1,24,24,1,21,2,2016,16-Feb,2013,12,Ford,0
126,17,1,1,47,47,1,29,2,2016,16-Feb,2008,12,Ford,0
155,17,1,1,32,32,1,13,3,2016,16-Mar,2012,12,Ford,0
164,17,2,1,77,77,1,15,3,2016,16-Mar,2014,12,Ford,0
191,17,1,1,66,66,0,12,3,2016,16-Mar,2010,12,Ford,0
192,17,2,1,24,24,0,29,3,2016,16-Mar,2010,12,Ford,0
250,17,2,1,31,31,0,24,4,2016,16-Apr,2015,12,Ford,0
281,17,1,1,22,22,0,5,5,2016,16-May,2008,12,Ford,0
285,17,1,1,39,39,1,11,5,2016,16-May,2009,12,Ford,0
295,17,1,1,30,30,0,23,5,2016,16-May,2014,12,Ford,0
418,17,1,1,46,46,1,11,6,2016,16-Jun,2015,12,Ford,0
455,17,1,1,66,66,0,7,2,2016,16-Feb,2014,12,Ford,0
459,17,1,1,89,89,0,21,4,2016,16-Apr,2012,12,Ford,0
557,17,2,1,37,37,1,22,7,2016,16-Jul,2014,12,Ford,0
578,17,1,1,51,51,0,13,8,2016,16-Aug,2011,12,Ford,0
614,17,1,1,18,18,1,27,8,2016,16-Aug,2014,12,Ford,0
640,17,2,1,39,39,0,1,7,2016,16-Jul,2015,12,Ford,0
728,17,1,1,17,17,1,15,8,2016,16-Aug,2008,12,Ford,0
781,17,4,1,81,81,1,5,10,2016,16-Oct,2008,12,Ford,0
811,17,1,1,72,72,0,17,10,2016,16-Oct,2014,12,Ford,0
846,17,2,1,42,42,0,22,9,2016,16-Sep,2014,12,Ford,0
871,17,1,1,46,46,0,7,10,2016,16-Oct,2013,12,Ford,0
894,17,1,1,40,40,1,12,11,2016,16-Nov,2012,12,Ford,0
908,17,1,1,79,79,1,15,11,2016,16-Nov,2013,12,Ford,0
920,17,1,1,33,33,1,2,11,2016,16-Nov,2014,12,Ford,0
958,17,1,1,56,56,0,19,11,2016,16-Nov,2011,12,Ford,0
988,17,1,1,73,73,0,2,12,2016,16-Dec,2009,12,Ford,0
1011,17,2,1,45,45,1,18,12,2016,16-Dec,2009,12,Ford,0
1018,17,2,1,42,42,0,21,12,2016,16-Dec,2011,12,Ford,0
1028,17,1,1,26,26,0,25,12,2016,16-Dec,2010,12,Ford,0
1044,17,2,1,42,42,0,17,12,2016,16-Dec,2016,12,Ford,0
14,18,1,1,23,23,0,11,1,2016,16-Jan,2008,12,Ford,0
34,18,1,1,30,30,0,22,1,2016,16-Jan,2009,12,Ford,0
51,18,1,1,82,82,0,25,1,2016,16-Jan,2013,12,Ford,0
95,18,1,1,29,29,0,25,2,2016,16-Feb,2010,12,Ford,0
106,18,1,1,60,60,0,12,1,2016,16-Jan,2013,12,Ford,0
113,18,1,1,29,29,1,12,3,2016,16-Mar,2008,12,Ford,0
128,18,1,1,18,18,0,3,3,2016,16-Mar,2010,12,Ford,0
172,18,2,1,80,80,1,4,4,2016,16-Apr,2009,12,Ford,0
173,18,1,1,43,43,1,7,4,2016,16-Apr,2015,12,Ford,0
281,18,1,1,69,69,0,29,5,2016,16-May,2008,12,Ford,0
392,18,2,1,50,50,0,18,7,2016,16-Jul,2009,12,Ford,0
398,18,1,1,89,89,1,28,5,2016,16-May,2012,12,Ford,0
416,18,1,1,29,29,0,1,7,2016,16-Jul,2010,12,Ford,0
534,18,1,1,22,22,0,20,9,2016,16-Sep,2008,12,Ford,0
558,18,1,1,53,53,0,3,10,2016,16-Oct,2016,12,Ford,0
563,18,1,1,58,58,0,3,10,2016,16-Oct,2012,12,Ford,0
584,18,2,1,44,44,0,12,10,2016,16-Oct,2011,12,Ford,0
611,18,2,1,49,49,0,20,10,2016,16-Oct,2015,12,Ford,0
618,18,2,1,46,46,0,4,6,2016,16-Jun,2013,12,Ford,0
664,18,1,1,46,46,0,14,11,2016,16-Nov,2014,12,Ford,0
735,18,2,1,29,29,0,7,12,2016,16-Dec,2011,12,Ford,0
741,18,1,1,55,55,1,9,12,2016,16-Dec,2013,12,Ford,0
747,18,3,1,49,49,0,7,12,2016,16-Dec,2009,12,Ford,0
750,18,1,1,57,57,1,2,12,2016,16-Dec,2009,12,Ford,0
776,18,1,1,25,25,1,4,12,2016,16-Dec,2013,12,Ford,0
785,18,2,1,53,53,0,30,12,2016,16-Dec,2008,12,Ford,0
801,18,1,1,47,47,1,29,12,2016,16-Dec,2013,12,Ford,0
14,19,3,1,66,66,0,23,1,2016,16-Jan,2013,12,Ford,0
26,19,1,1,44,44,1,4,2,2016,16-Feb,2011,12,Ford,0
41,19,1,1,55,55,1,12,3,2016,16-Mar,2014,12,Ford,0
48,19,2,1,49,49,1,2,4,2016,16-Apr,2009,12,Ford,0
102,19,1,1,16,16,0,15,5,2016,16-May,2016,12,Ford,0
141,19,2,1,51,51,1,23,6,2016,16-Jun,2012,12,Ford,0
151,19,1,1,21,21,0,28,6,2016,16-Jun,2013,12,Ford,0
236,19,1,1,42,42,0,26,9,2016,16-Sep,2012,12,Ford,0
241,19,2,1,53,53,0,29,9,2016,16-Sep,2016,12,Ford,0
294,19,1,1,28,28,1,25,10,2016,16-Oct,2012,12,Ford,0
324,19,2,1,43,43,0,24,11,2016,16-Nov,2015,12,Ford,0
356,19,2,1,68,68,1,27,12,2016,16-Dec,2012,12,Ford,0
3,20,2,1,28,28,1,5,1,2016,16-Jan,2012,12,Ford,0
17,20,1,1,64,64,0,20,1,2016,16-Jan,2014,12,Ford,0
20,20,1,1,49,49,1,2,2,2016,16-Feb,2008,12,Ford,0
37,20,1,1,62,62,0,5,3,2016,16-Mar,2012,12,Ford,0
43,20,2,1,47,47,1,24,2,2016,16-Feb,2013,12,Ford,0
52,20,1,1,52,52,1,4,3,2016,16-Mar,2014,12,Ford,0
107,20,1,1,62,62,1,18,4,2016,16-Apr,2008,12,Ford,0
130,20,1,1,36,36,0,6,6,2016,16-Jun,2012,12,Ford,0
159,20,1,1,91,91,1,22,6,2016,16-Jun,2010,12,Ford,0
221,20,1,1,20,20,1,29,8,2016,16-Aug,2016,12,Ford,0
271,20,1,1,62,62,1,27,9,2016,16-Sep,2015,12,Ford,0
275,20,1,1,41,41,0,2,10,2016,16-Oct,2017,12,Ford,0
300,20,2,1,91,91,1,24,10,2016,16-Oct,2008,12,Ford,0
310,20,1,1,50,50,1,9,11,2016,16-Nov,2014,12,Ford,0
321,20,1,1,23,23,1,19,11,2016,16-Nov,2016,12,Ford,0
324,20,1,1,29,29,0,20,11,2016,16-Nov,2008,12,Ford,0
357,20,2,1,39,39,0,11,12,2016,16-Dec,2014,12,Ford,0
361,20,1,1,70,70,0,12,12,2016,16-Dec,2011,12,Ford,0
367,20,1,1,52,52,0,4,11,2016,16-Nov,2011,12,Ford,0
369,20,2,1,64,64,0,25,11,2016,16-Nov,2015,12,Ford,0
382,20,1,1,55,55,1,9,12,2016,16-Dec,2009,12,Ford,0
24,21,1,1,31,31,1,19,1,2016,16-Jan,2009,12,Ford,0
54,21,1,1,68,68,1,4,2,2016,16-Feb,2008,12,Ford,0
77,21,1,1,29,29,1,23,2,2016,16-Feb,2008,12,Ford,0
183,21,2,1,33,33,0,2,4,2016,16-Apr,2014,12,Ford,0
217,21,1,1,32,32,0,6,5,2016,16-May,2014,12,Ford,0
224,21,1,1,27,27,0,13,5,2016,16-May,2008,12,Ford,0
260,21,1,1,28,28,0,30,5,2016,16-May,2010,12,Ford,0
279,21,3,1,26,26,0,4,6,2016,16-Jun,2016,12,Ford,0
291,21,1,1,22,22,0,9,6,2016,16-Jun,2016,12,Ford,0
294,21,1,1,36,36,1,11,6,2016,16-Jun,2008,12,Ford,0
379,21,2,1,55,55,0,20,7,2016,16-Jul,2016,12,Ford,0
392,21,3,1,29,29,0,28,7,2016,16-Jul,2014,12,Ford,0
450,21,1,1,18,18,0,27,8,2016,16-Aug,2011,12,Ford,0
505,21,1,1,18,18,1,19,9,2016,16-Sep,2013,12,Ford,0
511,21,1,1,23,23,0,17,9,2016,16-Sep,2011,12,Ford,0
515,21,1,1,46,46,0,22,9,2016,16-Sep,2012,12,Ford,0
564,21,1,1,36,36,1,8,10,2016,16-Oct,2008,12,Ford,0
581,21,1,1,44,44,1,15,10,2016,16-Oct,2008,12,Ford,0
586,21,2,1,51,51,0,17,10,2016,16-Oct,2008,12,Ford,0
611,21,1,1,83,83,0,3,10,2016,16-Oct,2016,12,Ford,0
623,21,1,1,83,83,1,5,10,2016,16-Oct,2012,12,Ford,0
717,21,1,1,68,68,0,14,12,2016,16-Dec,2008,12,Ford,0
725,21,2,1,56,56,0,18,12,2016,16-Dec,2010,12,Ford,0
730,21,1,1,51,51,1,21,12,2016,16-Dec,2010,12,Ford,0
12,22,2,1,37,37,0,20,1,2016,16-Jan,2014,12,Ford,0
24,22,1,1,45,45,1,9,1,2016,16-Jan,2011,12,Ford,0
58,22,2,1,22,22,0,8,2,2016,16-Feb,2009,12,Ford,0
61,22,1,1,65,65,1,13,2,2016,16-Feb,2010,12,Ford,0
84,22,1,1,62,62,0,22,2,2016,16-Feb,2009,12,Ford,0
99,22,1,1,38,38,0,9,2,2016,16-Feb,2016,12,Ford,0
118,22,2,1,60,60,0,8,3,2016,16-Mar,2014,12,Ford,0
164,22,1,1,20,20,0,12,4,2016,16-Apr,2008,12,Ford,0
166,22,2,1,64,64,0,10,4,2016,16-Apr,2010,12,Ford,0
176,22,1,1,22,22,0,1,4,2016,16-Apr,2009,12,Ford,0
243,22,3,1,65,65,0,9,6,2016,16-Jun,2010,12,Ford,0
252,22,2,1,29,29,0,7,4,2016,16-Apr,2013,12,Ford,0
256,22,2,1,63,63,0,26,4,2016,16-Apr,2013,12,Ford,0
269,22,3,1,31,31,0,17,5,2016,16-May,2014,12,Ford,0
274,22,1,1,66,66,1,22,5,2016,16-May,2014,12,Ford,0
357,22,1,1,23,23,1,17,7,2016,16-Jul,2015,12,Ford,0
378,22,1,1,19,19,0,29,8,2016,16-Aug,2015,12,Ford,0
409,22,1,1,28,28,1,25,6,2016,16-Jun,2013,12,Ford,0
475,22,1,1,38,38,0,16,8,2016,16-Aug,2012,12,Ford,0
530,22,1,1,37,37,0,2,11,2016,16-Nov,2013,12,Ford,0
577,22,1,1,24,24,0,26,9,2016,16-Sep,2013,12,Ford,0
578,22,1,1,72,72,1,19,7,2016,16-Jul,2014,12,Ford,0
619,22,2,1,22,22,0,8,7,2016,16-Jul,2009,12,Ford,0
716,22,1,1,35,35,1,28,10,2016,16-Oct,2014,12,Ford,0
24,23,1,1,29,29,1,10,3,2016,16-Mar,2010,12,Ford,0
29,23,1,1,37,37,1,25,3,2016,16-Mar,2012,12,Ford,0
68,23,1,1,65,65,1,6,7,2016,16-Jul,2012,12,Ford,0
70,23,1,1,59,59,0,13,7,2016,16-Jul,2012,12,Ford,0
102,23,1,1,25,25,0,28,10,2016,16-Oct,2014,12,Ford,0
104,23,1,1,54,54,0,3,11,2016,16-Nov,2009,12,Ford,0
115,23,1,1,33,33,0,16,11,2016,16-Nov,2009,12,Ford,0
135,23,2,1,47,47,0,23,12,2016,16-Dec,2013,12,Ford,0
49,24,2,1,49,49,0,14,1,2016,16-Jan,2013,12,Ford,0
113,24,1,1,37,37,0,29,2,2016,16-Feb,2012,12,Ford,0
199,24,1,1,38,38,0,11,7,2016,16-Jul,2014,12,Ford,0
221,24,2,1,58,58,0,24,7,2016,16-Jul,2009,12,Ford,0
223,24,2,1,40,40,0,28,7,2016,16-Jul,2014,12,Ford,0
302,24,1,1,48,48,0,11,10,2016,16-Oct,2011,12,Ford,0
312,24,1,1,61,61,0,14,7,2016,16-Jul,2012,12,Ford,0
336,24,1,1,54,54,0,30,9,2016,16-Sep,2010,12,Ford,0
338,24,3,1,41,41,1,28,2,2016,16-Feb,2010,12,Ford,0
456,24,1,1,33,33,0,4,9,2016,16-Sep,2014,12,Ford,0
476,24,2,1,54,54,0,20,12,2016,16-Dec,2010,12,Ford,0
487,24,2,1,51,51,0,1,11,2016,16-Nov,2012,12,Ford,0
20,25,2,1,61,61,0,20,2,2016,16-Feb,2009,12,Ford,0
30,25,1,1,18,18,1,5,2,2016,16-Feb,2013,12,Ford,0
42,25,1,1,64,64,1,29,3,2016,16-Mar,2010,12,Ford,0
50,25,1,1,43,43,0,9,4,2016,16-Apr,2008,12,Ford,0
143,25,3,1,49,49,0,21,4,2016,16-Apr,2014,12,Ford,0
146,25,2,1,35,35,0,3,8,2016,16-Aug,2016,12,Ford,0
155,25,1,1,33,33,0,12,8,2016,16-Aug,2011,12,Ford,0
217,25,1,1,18,18,0,18,10,2016,16-Oct,2012,12,Ford,0
266,25,1,1,44,44,1,13,11,2016,16-Nov,2010,12,Ford,0
289,25,1,1,23,23,0,5,12,2016,16-Dec,2016,12,Ford,0
291,25,2,1,41,41,0,6,12,2016,16-Dec,2015,12,Ford,0
362,25,1,1,76,76,0,16,12,2016,16-Dec,2011,12,Ford,0
7,26,1,1,21,21,0,2,1,2016,16-Jan,2010,12,Ford,0
18,26,1,1,41,41,1,15,1,2016,16-Jan,2012,12,Ford,0
123,26,2,1,51,51,0,1,3,2016,16-Mar,2013,12,Ford,0
128,26,1,1,66,66,1,4,3,2016,16-Mar,2010,12,Ford,0
161,26,1,1,79,79,1,29,1,2016,16-Jan,2008,12,Ford,0
170,26,1,1,36,36,1,5,4,2016,16-Apr,2008,12,Ford,0
194,26,1,1,48,48,0,15,4,2016,16-Apr,2014,12,Ford,0
202,26,2,1,45,45,0,17,4,2016,16-Apr,2008,12,Ford,0
205,26,1,1,31,31,1,3,4,2016,16-Apr,2014,12,Ford,0
221,26,2,1,51,51,0,14,4,2016,16-Apr,2016,12,Ford,0
253,26,1,1,86,86,0,15,5,2016,16-May,2008,12,Ford,0
266,26,1,1,38,38,1,17,5,2016,16-May,2015,12,Ford,0
290,26,1,1,62,62,0,18,4,2016,16-Apr,2008,12,Ford,0
305,26,2,1,71,71,0,25,5,2016,16-May,2014,12,Ford,0
352,26,1,1,61,61,1,16,6,2016,16-Jun,2013,12,Ford,0
355,26,1,1,60,60,0,17,6,2016,16-Jun,2012,12,Ford,0
362,26,2,1,38,38,1,20,6,2016,16-Jun,2014,12,Ford,0
394,26,1,1,51,51,0,28,6,2016,16-Jun,2015,12,Ford,0
399,26,1,1,67,67,0,30,6,2016,16-Jun,2008,12,Ford,0
420,26,1,1,28,28,1,11,7,2016,16-Jul,2008,12,Ford,0
429,26,2,1,26,26,1,15,7,2016,16-Jul,2013,12,Ford,0
441,26,1,1,77,77,1,19,7,2016,16-Jul,2010,12,Ford,0
453,26,1,1,87,87,1,30,7,2016,16-Jul,2012,12,Ford,0
516,26,1,1,25,25,0,8,8,2016,16-Aug,2013,12,Ford,0
530,26,2,1,89,89,0,21,8,2016,16-Aug,2014,12,Ford,0
532,26,1,1,19,19,1,20,8,2016,16-Aug,2014,12,Ford,0
563,26,1,1,22,22,0,31,8,2016,16-Aug,2014,12,Ford,0
584,26,2,1,33,33,0,1,9,2016,16-Sep,2010,12,Ford,0
606,26,1,1,38,38,1,7,9,2016,16-Sep,2013,12,Ford,0
638,26,2,1,65,65,0,16,9,2016,16-Sep,2014,12,Ford,0
697,26,1,1,31,31,0,11,10,2016,16-Oct,2016,12,Ford,0
703,26,1,1,65,65,0,16,10,2016,16-Oct,2015,12,Ford,0
735,26,1,1,71,71,1,8,10,2016,16-Oct,2014,12,Ford,0
765,26,1,1,22,22,0,22,10,2016,16-Oct,2013,12,Ford,0
793,26,1,1,69,69,0,29,10,2016,16-Oct,2016,12,Ford,0
840,26,1,1,37,37,0,15,11,2016,16-Nov,2011,12,Ford,0
852,26,2,1,42,42,0,23,11,2016,16-Nov,2017,12,Ford,0
880,26,1,1,74,74,1,29,11,2016,16-Nov,2011,12,Ford,0
899,26,1,1,18,18,0,5,12,2016,16-Dec,2017,12,Ford,0
904,26,1,1,64,64,1,6,12,2016,16-Dec,2012,12,Ford,0
907,26,1,1,56,56,0,7,12,2016,16-Dec,2013,12,Ford,0
912,26,2,1,32,32,0,1,11,2016,16-Nov,2017,12,Ford,0
923,26,1,1,86,86,1,5,12,2016,16-Dec,2010,12,Ford,0
933,26,1,1,62,62,1,16,12,2016,16-Dec,2015,12,Ford,0
975,26,1,1,53,53,0,20,12,2016,16-Dec,2012,12,Ford,0
16,27,2,1,51,51,1,22,1,2016,16-Jan,2016,12,Ford,0
18,27,1,1,38,38,1,24,1,2016,16-Jan,2010,12,Ford,0
26,27,1,1,23,23,0,2,2,2016,16-Feb,2008,12,Ford,0
29,27,1,1,64,64,1,6,2,2016,16-Feb,2013,12,Ford,0
79,27,2,1,46,46,0,6,4,2016,16-Apr,2013,12,Ford,0
118,27,1,1,25,25,1,28,5,2016,16-May,2008,12,Ford,0
120,27,1,1,83,83,1,28,5,2016,16-May,2015,12,Ford,0
175,27,1,1,61,61,0,12,7,2016,16-Jul,2014,12,Ford,0
211,27,1,1,54,54,0,14,8,2016,16-Aug,2016,12,Ford,0
242,27,1,1,48,48,1,15,9,2016,16-Sep,2016,12,Ford,0
244,27,1,1,31,31,1,19,9,2016,16-Sep,2015,12,Ford,0
259,27,1,1,39,39,0,30,9,2016,16-Sep,2011,12,Ford,0
260,27,1,1,20,20,0,30,9,2016,16-Sep,2011,12,Ford,0
264,27,2,1,78,78,1,4,10,2016,16-Oct,2010,12,Ford,0
314,27,2,1,66,66,1,15,11,2016,16-Nov,2014,12,Ford,0
315,27,2,1,33,33,1,31,10,2016,16-Oct,2010,12,Ford,0
321,27,2,1,68,68,1,18,11,2016,16-Nov,2013,12,Ford,0
325,27,1,1,42,42,1,20,11,2016,16-Nov,2010,12,Ford,0
338,27,2,1,52,52,0,1,12,2016,16-Dec,2013,12,Ford,0
350,27,2,1,60,60,0,18,12,2016,16-Dec,2014,12,Ford,0
362,27,1,1,46,46,0,31,12,2016,16-Dec,2012,12,Ford,0
363,27,1,1,19,19,0,31,12,2016,16-Dec,2012,12,Ford,0
21,28,2,1,48,48,1,18,1,2016,16-Jan,2010,12,Ford,0
181,28,1,1,53,53,0,17,3,2016,16-Mar,2010,12,Ford,0
245,28,2,1,46,46,0,16,3,2016,16-Mar,2008,12,Ford,0
267,28,1,1,32,32,0,29,5,2016,16-May,2008,12,Ford,0
343,28,1,1,61,61,1,13,7,2016,16-Jul,2008,12,Ford,0
356,28,1,1,77,77,1,25,7,2016,16-Jul,2008,12,Ford,0
374,28,1,1,59,59,0,5,8,2016,16-Aug,2015,12,Ford,0
408,28,2,1,58,58,0,26,8,2016,16-Aug,2011,12,Ford,0
451,28,1,1,64,64,1,21,9,2016,16-Sep,2009,12,Ford,0
545,28,2,1,20,20,0,31,10,2016,16-Oct,2011,12,Ford,0
558,28,2,1,67,67,1,20,11,2016,16-Nov,2009,12,Ford,0
581,28,2,1,49,49,0,11,10,2016,16-Oct,2014,12,Ford,0
586,28,1,1,43,43,0,3,12,2016,16-Dec,2013,12,Ford,0
38,29,3,1,52,52,0,21,1,2016,16-Jan,2010,12,Ford,0
51,29,1,1,25,25,0,19,1,2016,16-Jan,2008,12,Ford,0
63,29,1,1,66,66,1,11,2,2016,16-Feb,2015,12,Ford,0
140,29,2,1,79,79,0,12,3,2016,16-Mar,2015,12,Ford,0
163,29,1,1,63,63,1,26,3,2016,16-Mar,2010,12,Ford,0
166,29,2,1,40,40,1,1,4,2016,16-Apr,2009,12,Ford,0
175,29,1,1,46,46,1,20,2,2016,16-Feb,2014,12,Ford,0
179,29,1,1,29,29,0,24,3,2016,16-Mar,2015,12,Ford,0
185,29,1,1,24,24,0,10,4,2016,16-Apr,2010,12,Ford,0
189,29,1,1,33,33,0,26,3,2016,16-Mar,2013,12,Ford,0
217,29,1,1,39,39,0,8,4,2016,16-Apr,2008,12,Ford,0
240,29,2,1,86,86,1,12,4,2016,16-Apr,2013,12,Ford,0
303,29,1,1,47,47,0,29,5,2016,16-May,2015,12,Ford,0
328,29,1,1,31,31,1,17,6,2016,16-Jun,2011,12,Ford,0
338,29,2,1,28,28,0,2,5,2016,16-May,2008,12,Ford,0
359,29,2,1,54,54,0,23,6,2016,16-Jun,2009,12,Ford,0
416,29,2,1,60,60,0,15,7,2016,16-Jul,2015,12,Ford,0
521,29,1,1,27,27,0,6,8,2016,16-Aug,2008,12,Ford,0
605,29,1,1,22,22,1,24,9,2016,16-Sep,2012,12,Ford,0
661,29,1,1,58,58,0,10,10,2016,16-Oct,2016,12,Ford,0
727,29,2,1,46,46,0,1,11,2016,16-Nov,2014,12,Ford,0
747,29,1,1,55,55,1,13,11,2016,16-Nov,2016,12,Ford,0
766,29,1,1,53,53,0,8,11,2016,16-Nov,2015,12,Ford,0
780,29,1,1,48,48,0,31,10,2016,16-Oct,2014,12,Ford,0
834,29,2,1,54,54,0,10,12,2016,16-Dec,2008,12,Ford,0
848,29,1,1,79,79,0,22,12,2016,16-Dec,2011,12,Ford,0
139,30,2,1,37,37,0,26,9,2016,16-Sep,2011,12,Ford,0
162,30,1,1,28,28,0,15,11,2016,16-Nov,2010,12,Ford,0
167,30,1,1,34,34,1,10,12,2016,16-Dec,2008,12,Ford,0
170,30,1,1,22,22,1,23,12,2016,16-Dec,2008,12,Ford,0
128,31,2,1,33,33,0,31,8,2016,16-Aug,2009,12,Ford,0
161,31,2,1,68,68,1,18,10,2016,16-Oct,2016,12,Ford,0
190,31,1,1,48,48,0,16,12,2016,16-Dec,2011,12,Ford,0
191,31,2,1,48,48,0,19,12,2016,16-Dec,2010,12,Ford,0
31,32,2,1,43,43,0,5,3,2016,16-Mar,2009,12,Ford,0
60,32,1,1,32,32,0,17,2,2016,16-Feb,2012,12,Ford,0
61,32,1,1,35,35,0,8,4,2016,16-Apr,2012,12,Ford,0
79,32,1,1,21,21,0,25,1,2016,16-Jan,2013,12,Ford,0
190,32,1,1,53,53,0,10,8,2016,16-Aug,2013,12,Ford,0
245,32,1,1,46,46,0,18,8,2016,16-Aug,2015,12,Ford,0
96,33,1,1,44,44,0,30,9,2016,16-Sep,2013,12,Ford,0
9,34,1,1,24,24,0,29,1,2016,16-Jan,2014,12,Ford,0
15,34,1,1,52,52,1,21,1,2016,16-Jan,2011,12,Ford,0
21,34,1,1,34,34,0,24,2,2016,16-Feb,2015,12,Ford,0
25,34,1,1,45,45,1,15,3,2016,16-Mar,2011,12,Ford,0
32,34,1,1,26,26,1,22,3,2016,16-Mar,2009,12,Ford,0
33,34,2,1,71,71,1,17,3,2016,16-Mar,2016,12,Ford,0
51,34,1,1,24,24,1,15,2,2016,16-Feb,2014,12,Ford,1
83,34,1,1,52,52,0,10,2,2016,16-Feb,2009,12,Ford,0
133,34,2,1,34,34,1,13,4,2016,16-Apr,2012,12,Ford,0
148,34,1,1,42,42,0,22,5,2016,16-May,2009,12,Ford,0
163,34,1,1,59,59,1,11,5,2016,16-May,2009,12,Ford,0
191,34,2,1,45,45,0,15,6,2016,16-Jun,2012,12,Ford,0
203,34,1,1,27,27,1,7,5,2016,16-May,2014,12,Ford,0
218,34,2,1,60,60,0,14,5,2016,16-May,2011,12,Ford,0
243,34,2,1,63,63,0,20,7,2016,16-Jul,2013,12,Ford,0
244,34,1,1,83,83,1,19,7,2016,16-Jul,2009,12,Ford,0
251,34,1,1,37,37,1,8,7,2016,16-Jul,2008,12,Ford,0
274,34,1,1,62,62,1,22,7,2016,16-Jul,2013,12,Ford,0
280,34,1,1,21,21,0,13,6,2016,16-Jun,2008,12,Ford,0
347,34,1,1,57,57,0,29,5,2016,16-May,2016,12,Ford,0
354,34,1,1,87,87,1,20,9,2016,16-Sep,2008,12,Ford,0
371,34,2,1,62,62,1,22,9,2016,16-Sep,2015,12,Ford,0
428,34,1,1,58,58,0,31,5,2016,16-May,2013,12,Ford,0
479,34,1,1,71,71,0,17,11,2016,16-Nov,2012,12,Ford,0
491,34,1,1,43,43,0,10,10,2016,16-Oct,2015,12,Ford,0
523,34,1,1,27,27,1,15,12,2016,16-Dec,2013,12,Ford,0
569,34,2,1,31,31,0,12,12,2016,16-Dec,2011,12,Ford,0
572,34,2,1,26,26,0,24,12,2016,16-Dec,2015,12,Ford,0
8,35,1,1,19,19,1,9,1,2016,16-Jan,2012,12,Ford,0
18,35,1,1,75,75,0,20,1,2016,16-Jan,2010,12,Ford,0
59,35,1,1,22,22,1,14,3,2016,16-Mar,2010,12,Ford,0
84,35,1,1,37,37,0,19,4,2016,16-Apr,2011,12,Ford,0
95,35,2,1,18,18,0,10,4,2016,16-Apr,2013,12,Ford,0
138,35,1,1,29,29,0,12,6,2016,16-Jun,2016,12,Ford,0
139,35,1,1,19,19,0,13,6,2016,16-Jun,2015,12,Ford,0
223,35,2,1,23,23,0,7,8,2016,16-Aug,2013,12,Ford,0
269,35,1,1,38,38,0,10,10,2016,16-Oct,2012,12,Ford,0
270,35,1,1,70,70,0,10,10,2016,16-Oct,2012,12,Ford,0
298,35,1,1,51,51,1,11,11,2016,16-Nov,2015,12,Ford,0
304,35,1,1,18,18,1,21,11,2016,16-Nov,2009,12,Ford,0
327,35,1,1,30,30,1,6,12,2016,16-Dec,2010,12,Ford,0
347,35,1,1,45,45,1,18,12,2016,16-Dec,2015,12,Ford,0
26,36,1,1,40,40,1,16,1,2016,16-Jan,2013,12,Ford,0
37,36,1,1,33,33,0,22,1,2016,16-Jan,2015,12,Ford,0
150,36,1,1,42,42,0,30,3,2016,16-Mar,2012,12,Ford,0
155,36,1,1,55,55,0,5,4,2016,16-Apr,2009,12,Ford,0
181,36,2,1,72,72,0,7,4,2016,16-Apr,2012,12,Ford,0
186,36,1,1,69,69,0,11,4,2016,16-Apr,2010,12,Ford,0
207,36,1,1,40,40,0,11,3,2016,16-Mar,2013,12,Ford,0
253,36,1,1,58,58,0,20,4,2016,16-Apr,2013,12,Ford,0
290,36,1,1,33,33,1,15,5,2016,16-May,2014,12,Ford,0
299,36,1,1,61,61,1,31,5,2016,16-May,2011,12,Ford,0
345,36,1,1,26,26,0,11,6,2016,16-Jun,2011,12,Ford,0
366,36,1,1,18,18,1,19,6,2016,16-Jun,2015,12,Ford,0
441,36,1,1,47,47,0,16,7,2016,16-Jul,2015,12,Ford,0
514,36,1,1,32,32,0,17,8,2016,16-Aug,2008,12,Ford,0
519,36,2,1,49,49,0,23,7,2016,16-Jul,2012,12,Ford,0
544,36,2,1,51,51,0,3,8,2016,16-Aug,2014,12,Ford,0
580,36,1,1,48,48,0,1,9,2016,16-Sep,2013,12,Ford,0
600,36,2,1,55,55,1,3,8,2016,16-Aug,2011,12,Ford,0
660,36,1,1,26,26,1,2,10,2016,16-Oct,2010,12,Ford,0
716,36,1,1,31,31,1,14,10,2016,16-Oct,2008,12,Ford,0
717,36,1,1,79,79,0,16,10,2016,16-Oct,2016,12,Ford,0
743,36,1,1,29,29,1,6,9,2016,16-Sep,2016,12,Ford,0
755,36,1,1,33,33,0,14,10,2016,16-Oct,2016,12,Ford,0
772,36,2,1,43,43,0,6,2,2016,16-Feb,2013,12,Ford,0
779,36,3,1,72,72,0,22,10,2016,16-Oct,2008,12,Ford,0
816,36,1,1,60,60,0,21,11,2016,16-Nov,2015,12,Ford,0
823,36,1,1,95,95,1,30,11,2016,16-Nov,2016,12,Ford,0
860,36,1,1,37,37,1,27,9,2016,16-Sep,2016,12,Ford,0
896,36,1,1,41,41,0,27,12,2016,16-Dec,2016,12,Ford,0
906,36,2,1,35,35,0,29,12,2016,16-Dec,2008,12,Ford,0
985,36,1,1,19,19,0,18,12,2016,16-Dec,2008,12,Ford,0
9,37,1,1,54,54,1,31,1,2016,16-Jan,2010,12,Ford,0
29,37,1,1,47,47,1,8,1,2016,16-Jan,2014,12,Ford,0
50,37,1,1,50,50,1,14,1,2016,16-Jan,2014,12,Ford,0
74,37,2,1,70,70,0,4,1,2016,16-Jan,2011,12,Ford,0
102,37,2,1,50,50,0,19,2,2016,16-Feb,2013,12,Ford,0
113,37,2,1,44,44,0,18,2,2016,16-Feb,2013,12,Ford,0
122,37,1,1,21,21,1,1,2,2016,16-Feb,2015,12,Ford,0
154,37,1,1,55,55,1,21,2,2016,16-Feb,2008,12,Ford,0
155,37,2,1,57,57,0,23,2,2016,16-Feb,2012,12,Ford,0
183,37,1,1,25,25,0,6,3,2016,16-Mar,2010,12,Ford,0
198,37,1,1,37,37,1,14,3,2016,16-Mar,2011,12,Ford,0
220,37,1,1,59,59,0,11,3,2016,16-Mar,2013,12,Ford,0
252,37,1,1,59,59,0,30,3,2016,16-Mar,2010,12,Ford,0
292,37,2,1,17,17,0,7,4,2016,16-Apr,2013,12,Ford,0
323,37,2,1,25,25,1,5,4,2016,16-Apr,2014,12,Ford,1
367,37,1,1,58,58,1,29,2,2016,16-Feb,2015,12,Ford,0
379,37,2,1,26,26,0,20,4,2016,16-Apr,2013,12,Ford,0
392,37,1,1,77,77,1,30,4,2016,16-Apr,2014,12,Ford,0
423,37,1,1,40,40,0,10,5,2016,16-May,2010,12,Ford,0
425,37,2,1,40,40,0,5,5,2016,16-May,2013,12,Ford,0
438,37,2,1,83,83,1,4,3,2016,16-Mar,2014,12,Ford,0
492,37,2,1,23,23,0,25,5,2016,16-May,2016,12,Ford,0
501,37,1,1,36,36,1,28,5,2016,16-May,2008,12,Ford,0
515,37,1,1,63,63,1,3,3,2016,16-Mar,2011,12,Ford,0
521,37,1,1,24,24,0,14,5,2016,16-May,2015,12,Ford,0
564,37,1,1,59,59,1,14,6,2016,16-Jun,2012,12,Ford,0
618,37,1,1,61,61,1,8,6,2016,16-Jun,2016,12,Ford,0
623,37,1,1,85,85,1,23,5,2016,16-May,2015,12,Ford,0
634,37,1,1,34,34,0,24,6,2016,16-Jun,2013,12,Ford,0
661,37,2,1,58,58,1,16,7,2016,16-Jul,2013,12,Ford,0
719,37,1,1,85,85,0,20,7,2016,16-Jul,2013,12,Ford,0
834,37,2,1,69,69,0,15,8,2016,16-Aug,2008,12,Ford,0
892,37,1,1,49,49,1,17,9,2016,16-Sep,2016,12,Ford,0
937,37,2,1,52,52,0,14,9,2016,16-Sep,2014,12,Ford,0
985,37,1,1,70,70,1,5,10,2016,16-Oct,2009,12,Ford,0
1008,37,1,1,19,19,1,8,10,2016,16-Oct,2013,12,Ford,0
1036,37,2,1,23,23,1,13,10,2016,16-Oct,2013,12,Ford,0
1160,37,1,1,43,43,1,10,11,2016,16-Nov,2010,12,Ford,0
1189,37,1,1,53,53,0,19,11,2016,16-Nov,2015,12,Ford,0
1205,37,1,1,59,59,0,16,11,2016,16-Nov,2014,12,Ford,0
1238,37,3,1,33,33,0,19,12,2016,16-Dec,2010,12,Ford,0
1276,37,2,1,23,23,0,15,12,2016,16-Dec,2014,12,Ford,0
1322,37,2,1,30,30,1,21,12,2016,16-Dec,2009,12,Ford,0
1347,37,2,1,21,21,0,25,12,2016,16-Dec,2009,12,Ford,0
8,38,1,1,20,20,0,26,2,2016,16-Feb,2011,12,Ford,0
35,38,1,1,28,28,0,12,6,2016,16-Jun,2015,12,Ford,0
53,38,1,1,63,63,1,26,7,2016,16-Jul,2013,12,Ford,0
40,39,2,1,31,31,0,25,1,2016,16-Jan,2011,12,Ford,0
72,39,2,1,28,28,0,16,2,2016,16-Feb,2013,12,Ford,0
231,1,1,1,61,61,1,21,4,2016,16-Apr,2011,19,Cadillac,0
147,4,1,1,43,43,0,19,2,2016,16-Feb,2013,19,Cadillac,0
230,4,1,1,33,33,0,9,4,2016,16-Apr,2014,19,Cadillac,0
516,5,1,1,66,66,0,1,12,2016,16-Dec,2013,19,Cadillac,0
291,6,1,1,21,21,1,30,3,2016,16-Mar,2008,19,Cadillac,0
398,6,1,1,86,86,0,17,3,2016,16-Mar,2008,19,Cadillac,0
637,6,2,1,72,72,0,17,5,2016,16-May,2008,19,Cadillac,0
911,6,1,1,16,16,0,2,4,2016,16-Apr,2008,19,Cadillac,0
1383,6,2,1,75,75,0,10,7,2016,16-Jul,2015,19,Cadillac,0
2359,6,1,1,63,63,0,9,4,2016,16-Apr,2016,19,Cadillac,0
2941,6,1,1,32,32,0,1,12,2016,16-Dec,2012,19,Cadillac,0
3199,6,1,1,67,67,0,7,12,2016,16-Dec,2010,19,Cadillac,0
3561,6,1,1,77,77,0,25,5,2016,16-May,2016,19,Cadillac,0
242,8,1,1,47,47,1,9,7,2016,16-Jul,2016,19,Cadillac,1
265,12,1,1,40,40,1,17,3,2016,16-Mar,2013,19,Cadillac,0
326,12,1,1,55,55,0,16,3,2016,16-Mar,2015,19,Cadillac,0
350,12,2,1,38,38,0,17,2,2016,16-Feb,2010,19,Cadillac,0
378,12,1,1,52,52,1,23,3,2016,16-Mar,2010,19,Cadillac,0
481,12,1,1,72,72,1,2,2,2016,16-Feb,2013,19,Cadillac,0
904,12,1,1,46,46,0,7,5,2016,16-May,2011,19,Cadillac,0
2026,12,1,1,84,84,0,15,9,2016,16-Sep,2008,19,Cadillac,0
2288,12,2,1,59,59,0,11,10,2016,16-Oct,2015,19,Cadillac,0
117,13,1,1,18,18,1,7,2,2016,16-Feb,2009,19,Cadillac,0
256,13,1,1,53,53,1,14,3,2016,16-Mar,2013,19,Cadillac,0
371,13,2,1,56,56,0,13,4,2016,16-Apr,2012,19,Cadillac,0
512,17,1,1,90,90,1,16,7,2016,16-Jul,2015,19,Cadillac,0
708,17,1,1,33,33,1,23,8,2016,16-Aug,2010,19,Cadillac,0
110,19,1,1,28,28,1,19,5,2016,16-May,2010,19,Cadillac,0
339,19,1,1,56,56,1,15,12,2016,16-Dec,2016,19,Cadillac,0
35,20,1,1,34,34,0,23,2,2016,16-Feb,2010,19,Cadillac,0
194,20,2,1,34,34,0,3,8,2016,16-Aug,2008,19,Cadillac,0
98,22,1,1,45,45,1,16,1,2016,16-Jan,2011,19,Cadillac,0
207,24,1,1,69,69,0,24,6,2016,16-Jun,2010,19,Cadillac,0
89,25,1,1,73,73,1,6,4,2016,16-Apr,2008,19,Cadillac,0
350,25,1,1,66,66,0,9,9,2016,16-Sep,2013,19,Cadillac,0
14,26,1,1,38,38,0,17,1,2016,16-Jan,2009,19,Cadillac,0
195,26,1,1,51,51,1,15,4,2016,16-Apr,2013,19,Cadillac,0
716,26,1,1,80,80,1,27,9,2016,16-Sep,2014,19,Cadillac,0
965,26,1,1,50,50,0,22,12,2016,16-Dec,2008,19,Cadillac,0
998,26,2,1,86,86,1,5,12,2016,16-Dec,2009,19,Cadillac,0
231,27,2,1,23,23,1,5,9,2016,16-Sep,2013,19,Cadillac,0
34,29,1,1,76,76,0,22,1,2016,16-Jan,2009,19,Cadillac,0
137,30,1,1,26,26,1,16,9,2016,16-Sep,2013,19,Cadillac,1
1,32,1,1,43,43,1,10,1,2016,16-Jan,2013,19,Cadillac,0
430,34,1,1,50,50,0,25,6,2016,16-Jun,2010,19,Cadillac,0
442,34,1,1,62,62,0,30,10,2016,16-Oct,2011,19,Cadillac,0
564,34,1,1,84,84,1,8,12,2016,16-Dec,2008,19,Cadillac,0
51,37,1,1,58,58,1,26,1,2016,16-Jan,2016,19,Cadillac,0
580,4,1,1,61,61,0,21,9,2016,16-Sep,2009,42,Mercedes,0
48,6,1,1,32,32,0,23,1,2016,16-Jan,2011,42,Mercedes,0
807,6,1,1,78,78,0,13,4,2016,16-Apr,2011,42,Mercedes,0
1532,6,1,1,26,26,1,4,7,2016,16-Jul,2008,42,Mercedes,0
1575,6,1,1,51,51,0,6,8,2016,16-Aug,2013,42,Mercedes,0
1756,6,2,1,50,50,0,15,8,2016,16-Aug,2008,42,Mercedes,0
2250,6,3,1,61,61,0,17,12,2016,16-Dec,2013,42,Mercedes,0
2365,6,1,1,82,82,1,18,4,2016,16-Apr,2010,42,Mercedes,0
2391,6,1,1,34,34,0,24,10,2016,16-Oct,2015,42,Mercedes,0
2480,6,1,1,79,79,0,9,4,2016,16-Apr,2014,42,Mercedes,0
2747,6,1,1,64,64,0,6,12,2016,16-Dec,2011,42,Mercedes,0
3332,6,2,1,34,34,0,30,8,2016,16-Aug,2015,42,Mercedes,0
3506,6,1,1,57,57,0,9,8,2016,16-Aug,2010,42,Mercedes,0
166,9,2,1,35,35,0,28,9,2016,16-Sep,2009,42,Mercedes,0
108,10,1,1,53,53,0,10,9,2016,16-Sep,2010,42,Mercedes,0
436,12,1,1,52,52,0,27,1,2016,16-Jan,2011,42,Mercedes,0
537,12,1,1,59,59,0,3,1,2016,16-Jan,2011,42,Mercedes,0
843,12,1,1,68,68,1,24,4,2016,16-Apr,2014,42,Mercedes,0
890,12,1,1,59,59,0,29,4,2016,16-Apr,2011,42,Mercedes,0
1200,12,2,1,65,65,1,5,6,2016,16-Jun,2010,42,Mercedes,0
1297,12,2,1,32,32,0,2,6,2016,16-Jun,2014,42,Mercedes,0
1638,12,1,1,24,24,1,18,7,2016,16-Jul,2012,42,Mercedes,0
1762,12,1,1,69,69,1,22,8,2016,16-Aug,2017,42,Mercedes,0
1886,12,2,1,46,46,0,2,9,2016,16-Sep,2010,42,Mercedes,0
2169,12,1,1,38,38,0,31,8,2016,16-Aug,2008,42,Mercedes,0
2308,12,1,1,54,54,0,22,10,2016,16-Oct,2014,42,Mercedes,0
2571,12,1,1,21,21,1,22,11,2016,16-Nov,2013,42,Mercedes,0
2605,12,2,1,36,36,0,27,11,2016,16-Nov,2013,42,Mercedes,0
2664,12,2,1,69,69,0,1,12,2016,16-Dec,2008,42,Mercedes,0
2750,12,2,1,28,28,1,22,12,2016,16-Dec,2016,42,Mercedes,0
2859,12,1,1,60,60,0,30,12,2016,16-Dec,2008,42,Mercedes,0
80,13,1,1,83,83,1,26,1,2016,16-Jan,2008,42,Mercedes,0
1065,13,1,1,45,45,1,3,10,2016,16-Oct,2015,42,Mercedes,0
194,16,2,1,37,37,1,28,10,2016,16-Oct,2011,42,Mercedes,0
429,17,1,1,73,73,0,17,6,2016,16-Jun,2009,42,Mercedes,0
742,17,1,1,89,89,0,18,9,2016,16-Sep,2009,42,Mercedes,0
952,17,1,1,74,74,0,17,11,2016,16-Nov,2009,42,Mercedes,0
526,21,2,1,33,33,0,29,9,2016,16-Sep,2014,42,Mercedes,0
37,22,1,1,51,51,0,19,1,2016,16-Jan,2010,42,Mercedes,0
437,24,1,1,76,76,0,23,12,2016,16-Dec,2011,42,Mercedes,0
470,24,2,1,43,43,0,24,11,2016,16-Nov,2015,42,Mercedes,0
92,25,1,1,66,66,0,1,6,2016,16-Jun,2013,42,Mercedes,0
38,26,1,1,20,20,1,30,1,2016,16-Jan,2011,42,Mercedes,0
39,26,1,1,65,65,0,28,1,2016,16-Jan,2014,42,Mercedes,0
586,26,2,1,40,40,0,23,8,2016,16-Aug,2016,42,Mercedes,0
407,28,1,1,73,73,0,26,8,2016,16-Aug,2009,42,Mercedes,0
8,31,2,1,33,33,0,6,1,2016,16-Jan,2012,42,Mercedes,0
45,31,3,1,31,31,0,18,4,2016,16-Apr,2015,42,Mercedes,0
296,32,1,1,40,40,1,3,12,2016,16-Dec,2015,42,Mercedes,0
5,34,1,1,66,66,1,22,1,2016,16-Jan,2008,42,Mercedes,0
52,34,1,1,63,63,1,15,2,2016,16-Feb,2013,42,Mercedes,0
111,34,3,1,51,51,0,22,2,2016,16-Feb,2013,42,Mercedes,0
140,34,1,1,28,28,0,25,4,2016,16-Apr,2011,42,Mercedes,0
4,35,1,1,51,51,1,2,1,2016,16-Jan,2008,42,Mercedes,0
35,36,1,1,26,26,0,21,1,2016,16-Jan,2014,42,Mercedes,0
77,36,2,1,55,55,0,19,2,2016,16-Feb,2010,42,Mercedes,0
247,36,1,1,45,45,0,11,5,2016,16-May,2013,42,Mercedes,0
506,36,2,1,59,59,0,21,5,2016,16-May,2013,42,Mercedes,0
678,36,1,1,46,46,0,16,9,2016,16-Sep,2012,42,Mercedes,0
762,36,2,1,24,24,0,2,11,2016,16-Nov,2012,42,Mercedes,0
766,36,1,1,28,28,0,15,10,2016,16-Oct,2014,42,Mercedes,0
324,37,1,1,41,41,0,21,4,2016,16-Apr,2008,42,Mercedes,1
376,37,3,1,33,33,0,13,4,2016,16-Apr,2015,42,Mercedes,0
75,39,1,1,30,30,1,8,2,2016,16-Feb,2010,42,Mercedes,0
1437,6,2,1,48,48,1,1,7,2016,16-Jul,2008,51,Volvo,0
2564,6,2,1,36,36,0,16,7,2016,16-Jul,2013,51,Volvo,0
195,8,1,1,64,64,1,14,6,2016,16-Jun,2009,51,Volvo,0
1322,12,2,1,60,60,0,21,5,2016,16-May,2008,51,Volvo,0
192,22,1,1,46,46,1,13,4,2016,16-Apr,2015,51,Volvo,0
7,23,1,1,25,25,1,25,1,2016,16-Jan,2010,51,Volvo,0
676,26,1,1,21,21,1,30,9,2016,16-Sep,2008,51,Volvo,0
194,27,1,1,23,23,1,1,8,2016,16-Aug,2008,51,Volvo,0
184,34,1,1,61,61,0,19,6,2016,16-Jun,2015,51,Volvo,0
396,36,1,1,75,75,0,3,7,2016,16-Jul,2010,51,Volvo,0
712,37,1,1,36,36,0,23,7,2016,16-Jul,2009,51,Volvo,0
1309,37,1,1,30,30,1,13,12,2016,16-Dec,2013,51,Volvo,0